Index	X	Y	Z	cost	equivalent_radius	branch_id	vadose_flag
1	608.498	583.364	355.684	0.2917521000	0.0000000000	0.0000000000	0.0000000000
1	592.9890136719	586.6640014648	357.0499877930	0.1431293488	0.0000000000	1.0000000000	0.0000000000
2	608.4979858398	583.3640136719	355.6839904785	0.2917521000	0.0000000000	0.0000000000	0.0000000000
2	616.4550170898	594.0499877930	353.5799865723	0.2917521000	0.0000000000	2.0000000000	0.0000000000
3	592.9890136719	586.6640014648	357.0499877930	0.1431293488	0.0000000000	1.0000000000	0.0000000000
3	583.1480102539	586.2089843750	357.4949951172	0.0886890888	0.0000000000	1.0000000000	0.0000000000
4	583.1480102539	586.2089843750	357.4949951172	0.0886890888	0.0000000000	1.0000000000	0.0000000000
4	566.6530151367	588.7969970703	358.2420043945	0.1855697632	0.0000000000	3.0000000000	0.0000000000
5	583.1480102539	586.2089843750	357.4949951172	0.0886890888	0.0000000000	1.0000000000	0.0000000000
5	568.5070190430	580.3070068359	358.1579895020	0.1949157715	0.0000000000	4.0000000000	0.0000000000
6	566.6530151367	588.7969970703	358.2420043945	0.1855697632	0.0000000000	3.0000000000	0.0000000000
6	551.1779785156	593.9050292969	358.0029907227	0.1931076050	0.0000000000	3.0000000000	0.0000000000
7	551.1779785156	593.9050292969	358.0029907227	0.1931076050	0.0000000000	3.0000000000	0.0000000000
7	545.3930053711	595.2969970703	359.2040100098	0.0673961639	0.0000000000	3.0000000000	0.0000000000
8	545.3930053711	595.2969970703	359.2040100098	0.0673961639	0.0000000000	3.0000000000	0.0000000000
8	541.5789794922	595.8779907227	357.7909851074	0.0506210327	0.0000000000	3.0000000000	0.0000000000
9	541.5789794922	595.8779907227	357.7909851074	0.0506210327	0.0000000000	3.0000000000	0.0000000000
9	526.1719970703	598.9069824219	360.0740051270	0.1761713028	0.0000000000	3.0000000000	0.0000000000
10	526.1719970703	598.9069824219	360.0740051270	0.1761713028	0.0000000000	3.0000000000	0.0000000000
10	519.0590209961	601.8460083008	359.4419860840	0.0915801525	0.0000000000	3.0000000000	0.0000000000
11	519.0590209961	601.8460083008	359.4419860840	0.0915801525	0.0000000000	3.0000000000	0.0000000000
11	507.6189880371	602.2550048828	360.9140014648	0.1460573524	0.0000000000	5.0000000000	1.0000000000
12	519.0590209961	601.8460083008	359.4419860840	0.0915801525	0.0000000000	3.0000000000	0.0000000000
12	516.4400024414	607.0310058594	360.5140075684	0.2320152521	0.0000000000	6.0000000000	0.0000000000
13	507.6189880371	602.2550048828	360.9140014648	0.1460573524	0.0000000000	5.0000000000	1.0000000000
13	489.8039855957	604.7109985352	361.7200012207	0.1818540096	0.0000000000	7.0000000000	1.0000000000
14	489.8039855957	604.7109985352	361.7200012207	0.1818540096	0.0000000000	7.0000000000	1.0000000000
14	472.9949951172	606.6820068359	362.4809875488	0.2650608420	0.0000000000	8.0000000000	1.0000000000
15	489.8039855957	604.7109985352	361.7200012207	0.1818540096	0.0000000000	7.0000000000	1.0000000000
15	492.0870056152	594.3850097656	363.0939941406	0.2098515034	0.0000000000	9.0000000000	0.0000000000
16	489.8039855957	604.7109985352	361.7200012207	0.1818540096	0.0000000000	7.0000000000	1.0000000000
16	501.6510009766	603.2739868164	363.0069885254	0.2379750758	0.0000000000	10.0000000000	1.0000000000
17	472.9949951172	606.6820068359	362.4809875488	0.2650608420	0.0000000000	8.0000000000	1.0000000000
17	456.6340026855	607.5460205078	363.2219848633	0.3433426023	0.0000000000	8.0000000000	1.0000000000
18	456.6340026855	607.5460205078	363.2219848633	0.3433426023	0.0000000000	8.0000000000	1.0000000000
18	440.5629882812	607.8670043945	363.9490051270	0.1911456585	0.0000000000	11.0000000000	1.0000000000
19	440.5629882812	607.8670043945	363.9490051270	0.1911456585	0.0000000000	11.0000000000	1.0000000000
19	426.4280090332	612.0419921875	364.2309875488	0.1497199535	0.0000000000	12.0000000000	1.0000000000
20	440.5629882812	607.8670043945	363.9490051270	0.1911456585	0.0000000000	11.0000000000	1.0000000000
20	423.3240051270	606.5200195312	364.7290039062	0.2372627258	0.0000000000	13.0000000000	0.0000000000
21	440.5629882812	607.8670043945	363.9490051270	0.1911456585	0.0000000000	11.0000000000	1.0000000000
21	435.3169860840	619.9320068359	363.8399963379	0.2712616324	0.0000000000	14.0000000000	0.0000000000
22	426.4280090332	612.0419921875	364.2309875488	0.1497199535	0.0000000000	12.0000000000	1.0000000000
22	412.3739929199	614.0570068359	365.2239990234	0.1410938501	0.0000000000	15.0000000000	1.0000000000
23	412.3739929199	614.0570068359	365.2239990234	0.1410938501	0.0000000000	15.0000000000	1.0000000000
23	412.8630065918	615.1760253906	370.5820007324	0.2531710863	0.0000000000	16.0000000000	1.0000000000
24	412.8630065918	615.1760253906	370.5820007324	0.2531710863	0.0000000000	16.0000000000	1.0000000000
24	412.0549926758	616.0889892578	381.7210083008	0.1540545225	0.0000000000	17.0000000000	1.0000000000
25	412.8630065918	615.1760253906	370.5820007324	0.2531710863	0.0000000000	16.0000000000	1.0000000000
25	424.6440124512	609.6069946289	376.1229858398	0.2531710863	0.0000000000	18.0000000000	1.0000000000
26	412.0549926758	616.0889892578	381.7210083008	0.1540545225	0.0000000000	17.0000000000	1.0000000000
26	411.6900024414	614.7290039062	388.7179870605	0.1479519606	0.0000000000	17.0000000000	1.0000000000
27	411.6900024414	614.7290039062	388.7179870605	0.1479519606	0.0000000000	17.0000000000	1.0000000000
27	412.8340148926	615.8870239258	399.2460021973	0.1399103999	0.0000000000	19.0000000000	1.0000000000
28	411.6900024414	614.7290039062	388.7179870605	0.1479519606	0.0000000000	17.0000000000	1.0000000000
28	408.8859863281	611.0460205078	384.9800109863	0.1479519606	0.0000000000	20.0000000000	1.0000000000
29	412.8340148926	615.8870239258	399.2460021973	0.1399103999	0.0000000000	19.0000000000	1.0000000000
29	415.5159912109	615.1669921875	409.9549865723	0.0791833103	0.0000000000	19.0000000000	1.0000000000
30	415.5159912109	615.1669921875	409.9549865723	0.0791833103	0.0000000000	19.0000000000	1.0000000000
30	413.4500122070	615.5079956055	416.4179992676	0.0528917573	0.0000000000	21.0000000000	1.0000000000
31	413.4500122070	615.5079956055	416.4179992676	0.0528917573	0.0000000000	21.0000000000	1.0000000000
31	411.0933227539	613.8931274414	421.5869445801	0.1231395230	0.0000000000	22.0000000000	1.0000000000
32	777.9340820312	409.0029296875	249.4724731445	0.0258891582	0.0000000000	261820.0000000000	0.0000000000
32	774.3930053711	409.0469970703	249.6269989014	0.0258891582	0.0000000000	23.0000000000	0.0000000000
33	774.3930053711	409.0469970703	249.6269989014	0.0258891582	0.0000000000	23.0000000000	0.0000000000
33	761.2730102539	408.9490051270	250.2209930420	0.0905986428	0.0000000000	23.0000000000	0.0000000000
34	761.2730102539	408.9490051270	250.2209930420	0.0905986428	0.0000000000	23.0000000000	0.0000000000
34	747.1929931641	412.0010070801	250.8580017090	0.1262844801	0.0000000000	23.0000000000	0.0000000000
35	761.2730102539	408.9490051270	250.2209930420	0.0905986428	0.0000000000	23.0000000000	0.0000000000
35	745.3330078125	405.6640014648	250.9429931641	0.1275281310	0.0000000000	23.0000000000	0.0000000000
36	747.1929931641	412.0010070801	250.8580017090	0.1262844801	0.0000000000	23.0000000000	0.0000000000
36	730.4739990234	420.5260009766	251.6150054932	0.1468741447	0.0000000000	23.0000000000	0.0000000000
37	730.4739990234	420.5260009766	251.6150054932	0.1468741447	0.0000000000	23.0000000000	0.0000000000
37	716.5330200195	424.4360046387	251.7200012207	0.1012217477	0.0000000000	23.0000000000	0.0000000000
38	716.5330200195	424.4360046387	251.7200012207	0.1012217477	0.0000000000	23.0000000000	0.0000000000
38	704.6199951172	427.1289978027	252.7850036621	0.0794224739	0.0000000000	23.0000000000	1.0000000000
39	704.6199951172	427.1289978027	252.7850036621	0.0794224739	0.0000000000	23.0000000000	1.0000000000
39	697.8469848633	427.7189941406	253.6049957275	0.0794224739	0.0000000000	23.0000000000	1.0000000000
40	697.8469848633	427.7189941406	253.6049957275	0.0794224739	0.0000000000	23.0000000000	1.0000000000
40	694.0529785156	428.8729858398	254.6799926758	0.0463700294	0.0000000000	23.0000000000	1.0000000000
41	694.0529785156	428.8729858398	254.6799926758	0.0463700294	0.0000000000	23.0000000000	1.0000000000
41	678.6500244141	441.0620117188	258.7600097656	0.2602148056	0.0000000000	23.0000000000	1.0000000000
42	678.6500244141	441.0620117188	258.7600097656	0.1319160461	0.0000000000	23.0000000000	0.0000000000
42	663.9530029297	449.2399902344	258.4609985352	0.1221736073	0.0000000000	23.0000000000	0.0000000000
43	678.6500244141	441.0620117188	258.7600097656	0.1319160461	0.0000000000	23.0000000000	0.0000000000
43	677.7760009766	431.5769958496	258.7709960938	0.1555688381	0.0000000000	23.0000000000	0.0000000000
44	663.9530029297	449.2399902344	258.4609985352	0.1221736073	0.0000000000	23.0000000000	0.0000000000
44	647.5319824219	452.6029968262	260.3720092773	0.0734380484	0.0000000000	23.0000000000	0.0000000000
45	647.5319824219	452.6029968262	260.3720092773	0.0734380484	0.0000000000	23.0000000000	0.0000000000
45	640.2550048828	458.8389892578	262.2650146484	0.0885009766	0.0000000000	23.0000000000	0.0000000000
46	640.2550048828	458.8389892578	262.2650146484	0.0885009766	0.0000000000	23.0000000000	0.0000000000
46	630.5910034180	465.8280029297	262.9179992676	0.0885009766	0.0000000000	23.0000000000	0.0000000000
47	630.5910034180	465.8280029297	262.9179992676	0.0885009766	0.0000000000	23.0000000000	0.0000000000
47	612.0460205078	473.6390075684	266.1430053711	0.0000000000	0.0000000000	23.0000000000	-1.0000000000
48	612.0460205078	473.6390075684	266.1430053711	0.2447938919	0.0000000000	23.0000000000	1.0000000000
48	601.1350097656	476.5450134277	266.7170104980	0.1359367371	0.0000000000	23.0000000000	1.0000000000
49	601.1350097656	476.5450134277	266.7170104980	0.1359367371	0.0000000000	23.0000000000	1.0000000000
49	588.1250000000	483.5090026855	268.6340026855	0.1721305847	0.0000000000	23.0000000000	1.0000000000
50	588.1250000000	483.5090026855	268.6340026855	0.1283833981	0.0000000000	23.0000000000	1.0000000000
50	578.9979858398	488.7940063477	273.4440002441	0.1283833981	0.0000000000	23.0000000000	1.0000000000
51	578.9979858398	488.7940063477	273.4440002441	0.1283833981	0.0000000000	23.0000000000	1.0000000000
51	567.5390014648	494.7390136719	273.7950134277	0.1588139534	0.0000000000	23.0000000000	1.0000000000
52	567.5390014648	494.7390136719	273.7950134277	0.1588139534	0.0000000000	23.0000000000	1.0000000000
52	548.4000244141	503.0979919434	275.2659912109	0.2304608822	0.0000000000	23.0000000000	1.0000000000
53	548.4000244141	503.0979919434	275.2659912109	0.2304608822	0.0000000000	23.0000000000	1.0000000000
53	535.1389770508	516.2219848633	277.8919982910	0.2469136715	0.0000000000	23.0000000000	1.0000000000
54	535.1389770508	516.2219848633	277.8919982910	0.2469136715	0.0000000000	23.0000000000	1.0000000000
54	517.1040039062	526.1779785156	281.7080078125	0.2262555361	0.0000000000	23.0000000000	1.0000000000
55	517.1040039062	526.1779785156	281.7080078125	0.2262555361	0.0000000000	23.0000000000	1.0000000000
55	506.2550048828	532.9990234375	282.5650024414	0.0669327974	0.0000000000	23.0000000000	1.0000000000
56	506.2550048828	532.9990234375	282.5650024414	0.0669327974	0.0000000000	23.0000000000	1.0000000000
56	500.8689880371	534.5510253906	286.1029968262	0.0782704353	0.0000000000	23.0000000000	1.0000000000
57	500.8689880371	534.5510253906	286.1029968262	0.0782704353	0.0000000000	23.0000000000	1.0000000000
57	498.2760009766	537.6190185547	292.0530090332	0.1021831036	0.0000000000	23.0000000000	1.0000000000
58	500.8689880371	534.5510253906	286.1029968262	0.0782704353	0.0000000000	23.0000000000	1.0000000000
58	493.6539916992	518.9459838867	282.4809875488	0.2656581402	0.0000000000	23.0000000000	1.0000000000
59	498.2760009766	537.6190185547	292.0530090332	0.1021831036	0.0000000000	23.0000000000	1.0000000000
59	495.4790039062	541.2169799805	298.9219970703	0.1384043694	0.0000000000	23.0000000000	1.0000000000
60	495.4790039062	541.2169799805	298.9219970703	0.1384043694	0.0000000000	23.0000000000	1.0000000000
60	491.8129882812	546.2630004883	307.5750122070	0.1099457741	0.0000000000	23.0000000000	1.0000000000
61	491.8129882812	546.2630004883	307.5750122070	0.1099457741	0.0000000000	23.0000000000	1.0000000000
61	488.1480102539	550.0490112305	314.2189941406	0.1484360695	0.0000000000	23.0000000000	1.0000000000
62	488.1480102539	550.0490112305	314.2189941406	0.1484360695	0.0000000000	23.0000000000	1.0000000000
62	483.7980041504	551.4869995117	324.3039855957	0.1509854794	0.0000000000	23.0000000000	1.0000000000
63	488.1480102539	550.0490112305	314.2189941406	0.1484360695	0.0000000000	23.0000000000	1.0000000000
63	487.1560058594	557.5239868164	321.3779907227	0.1647208929	0.0000000000	23.0000000000	1.0000000000
64	483.7980041504	551.4869995117	324.3039855957	0.1509854794	0.0000000000	23.0000000000	1.0000000000
64	479.8460083008	555.7189941406	334.1350097656	0.1558785439	0.0000000000	23.0000000000	1.0000000000
65	479.8460083008	555.7189941406	334.1350097656	0.1558785439	0.0000000000	23.0000000000	1.0000000000
65	475.2349853516	560.7579956055	343.8919982910	0.1177895069	0.0000000000	23.0000000000	1.0000000000
66	475.2349853516	560.7579956055	343.8919982910	0.1177895069	0.0000000000	23.0000000000	1.0000000000
66	472.9410095215	562.2730102539	352.1510009766	0.0675706863	0.0000000000	23.0000000000	1.0000000000
67	472.9410095215	562.2730102539	352.1510009766	0.0675706863	0.0000000000	23.0000000000	1.0000000000
67	470.8179931641	564.0750122070	356.4649963379	0.1350290775	0.0000000000	23.0000000000	1.0000000000
68	470.8179931641	564.0750122070	356.4649963379	0.1350290775	0.0000000000	23.0000000000	1.0000000000
68	465.2999877930	569.4569702148	363.8479919434	0.1883234978	0.0000000000	24.0000000000	1.0000000000
69	470.8179931641	564.0750122070	356.4649963379	0.1350290775	0.0000000000	23.0000000000	1.0000000000
69	474.2130126953	573.7529907227	355.5150146484	0.2182919979	0.0000000000	23.0000000000	0.0000000000
70	465.2999877930	569.4569702148	363.8479919434	0.1883234978	0.0000000000	24.0000000000	1.0000000000
70	461.7539978027	571.5330200195	372.2799987793	0.0000000000	0.0000000000	24.0000000000	-1.0000000000
71	461.7539978027	571.5330200195	372.2799987793	0.1215636730	0.0000000000	24.0000000000	1.0000000000
71	454.4899902344	574.7839965820	380.5889892578	0.1616544724	0.0000000000	24.0000000000	1.0000000000
72	454.4899902344	574.7839965820	380.5889892578	0.3831195831	0.0000000000	24.0000000000	0.0000000000
72	452.5780029297	575.5089721680	383.6990051270	0.0000000000	0.0000000000	25.0000000000	-1.0000000000
73	454.4899902344	574.7839965820	380.5889892578	0.3831195831	0.0000000000	24.0000000000	0.0000000000
73	435.8859863281	574.8209838867	380.5020141602	0.3831195831	0.0000000000	26.0000000000	0.0000000000
74	452.5780029297	575.5089721680	383.6990051270	0.0496923923	0.0000000000	25.0000000000	1.0000000000
74	444.3659973145	581.5070190430	392.7030029297	0.1958050728	0.0000000000	25.0000000000	1.0000000000
75	444.3659973145	581.5070190430	392.7030029297	0.1958050728	0.0000000000	25.0000000000	1.0000000000
75	438.2090148926	586.0050048828	404.7680053711	0.1129490733	0.0000000000	27.0000000000	1.0000000000
76	444.3659973145	581.5070190430	392.7030029297	0.1958050728	0.0000000000	25.0000000000	1.0000000000
76	441.2420043945	589.0999755859	404.7709960938	0.1173653603	0.0000000000	28.0000000000	1.0000000000
77	438.2090148926	586.0050048828	404.7680053711	0.1129490733	0.0000000000	27.0000000000	1.0000000000
77	425.5759887695	597.4840087891	407.1440124512	0.2199470699	0.0000000000	27.0000000000	1.0000000000
78	425.5759887695	597.4840087891	407.1440124512	0.2199470699	0.0000000000	27.0000000000	1.0000000000
78	418.9100036621	604.0599975586	409.2539978027	0.1246879101	0.0000000000	27.0000000000	1.0000000000
79	418.9100036621	604.0599975586	409.2539978027	0.1246879101	0.0000000000	27.0000000000	1.0000000000
79	415.2590026855	606.2589721680	413.5939941406	0.0760191381	0.0000000000	27.0000000000	1.0000000000
80	415.2590026855	606.2589721680	413.5939941406	0.2568101883	0.0000000000	27.0000000000	1.0000000000
80	409.0050048828	612.7500000000	420.3020019531	0.0000000000	0.0000000000	29.0000000000	-1.0000000000
81	415.2590026855	606.2589721680	413.5939941406	0.2568101883	0.0000000000	27.0000000000	1.0000000000
81	404.8529968262	594.8720092773	409.6809997559	0.2568101883	0.0000000000	30.0000000000	1.0000000000
82	409.0050048828	612.7500000000	420.3020019531	0.1751954257	0.0000000000	22.0000000000	1.0000000000
82	411.0933227539	613.8931274414	421.5869445801	0.0638283268	0.0000000000	22.0000000000	1.0000000000
83	568.5070190430	580.3070068359	358.1579895020	0.1949157715	0.0000000000	4.0000000000	0.0000000000
83	553.5910034180	575.8480224609	358.8330078125	0.1922402382	0.0000000000	4.0000000000	0.0000000000
84	553.5910034180	575.8480224609	358.8330078125	0.1922402382	0.0000000000	4.0000000000	0.0000000000
84	546.3540039062	571.4869995117	359.1610107422	0.1043162346	0.0000000000	4.0000000000	0.0000000000
85	546.3540039062	571.4869995117	359.1610107422	0.1043162346	0.0000000000	4.0000000000	0.0000000000
85	537.4669799805	567.0819702148	359.5629882812	0.1224656105	0.0000000000	4.0000000000	0.0000000000
86	537.4669799805	567.0819702148	359.5629882812	0.1224656105	0.0000000000	4.0000000000	0.0000000000
86	529.1389770508	561.7750244141	359.9400024414	0.1219153404	0.0000000000	4.0000000000	0.0000000000
87	529.1389770508	561.7750244141	359.9400024414	0.1219153404	0.0000000000	4.0000000000	0.0000000000
87	520.7119750977	556.9429931641	360.3210144043	0.1199312210	0.0000000000	4.0000000000	0.0000000000
88	520.7119750977	556.9429931641	360.3210144043	0.1199312210	0.0000000000	4.0000000000	0.0000000000
88	512.6019897461	552.2960205078	360.6879882812	0.1153993607	0.0000000000	4.0000000000	0.0000000000
89	512.6019897461	552.2960205078	360.6879882812	0.1153993607	0.0000000000	4.0000000000	0.0000000000
89	504.3850097656	547.3499755859	361.0599975586	0.1688560992	0.0000000000	4.0000000000	0.0000000000
90	504.3850097656	547.3499755859	361.0599975586	0.1688560992	0.0000000000	4.0000000000	0.0000000000
90	495.7550048828	541.7979736328	361.4509887695	0.1688560992	0.0000000000	4.0000000000	0.0000000000
91	495.7550048828	541.7979736328	361.4509887695	0.1688560992	0.0000000000	4.0000000000	0.0000000000
91	487.5100097656	537.3699951172	361.8250122070	0.1234712601	0.0000000000	31.0000000000	1.0000000000
92	495.7550048828	541.7979736328	361.4509887695	0.1688560992	0.0000000000	4.0000000000	0.0000000000
92	488.7479858398	532.6740112305	363.0320129395	0.2279248983	0.0000000000	32.0000000000	0.0000000000
93	487.5100097656	537.3699951172	361.8250122070	0.1234712601	0.0000000000	31.0000000000	1.0000000000
93	477.4469909668	534.0939941406	362.2799987793	0.2228596210	0.0000000000	33.0000000000	1.0000000000
94	487.5100097656	537.3699951172	361.8250122070	0.1234712601	0.0000000000	31.0000000000	1.0000000000
94	484.5530090332	542.5289916992	361.6560058594	0.1234712601	0.0000000000	34.0000000000	1.0000000000
95	477.4469909668	534.0939941406	362.2799987793	0.2228596210	0.0000000000	33.0000000000	1.0000000000
95	469.8890075684	531.2730102539	362.6220092773	0.1325783730	0.0000000000	35.0000000000	1.0000000000
96	469.8890075684	531.2730102539	362.6220092773	0.1325783730	0.0000000000	35.0000000000	1.0000000000
96	466.3439941406	527.7979736328	362.1229858398	0.0858626366	0.0000000000	35.0000000000	1.0000000000
97	466.3439941406	527.7979736328	362.1229858398	0.0858626366	0.0000000000	35.0000000000	1.0000000000
97	454.9249877930	522.1760253906	363.2990112305	0.1979901940	0.0000000000	36.0000000000	1.0000000000
98	466.3439941406	527.7979736328	362.1229858398	0.0858626366	0.0000000000	35.0000000000	1.0000000000
98	462.9719848633	539.9589843750	362.9349975586	0.2544491291	0.0000000000	37.0000000000	0.0000000000
99	454.9249877930	522.1760253906	363.2990112305	0.1979901940	0.0000000000	36.0000000000	1.0000000000
99	446.8859863281	518.0159912109	363.5360107422	0.1727765799	0.0000000000	38.0000000000	0.0000000000
100	454.9249877930	522.1760253906	363.2990112305	0.1979901940	0.0000000000	36.0000000000	1.0000000000
100	449.7239990234	512.1740112305	363.5339965820	0.2072107792	0.0000000000	39.0000000000	1.0000000000
101	446.8859863281	518.0159912109	363.5360107422	0.1727765799	0.0000000000	38.0000000000	0.0000000000
101	437.8779907227	515.6110229492	364.0700073242	0.1280102730	0.0000000000	40.0000000000	0.0000000000
102	446.8859863281	518.0159912109	363.5360107422	0.1727765799	0.0000000000	38.0000000000	0.0000000000
102	443.0790100098	525.6129760742	363.8349914551	0.1727765799	0.0000000000	41.0000000000	0.0000000000
103	437.8779907227	515.6110229492	364.0700073242	0.1280102730	0.0000000000	40.0000000000	0.0000000000
103	430.2109985352	511.4079895020	363.5650024414	0.1273941994	0.0000000000	40.0000000000	0.0000000000
104	430.2109985352	511.4079895020	363.5650024414	0.1273941994	0.0000000000	40.0000000000	0.0000000000
104	419.3399963379	506.5700073242	364.9089965820	0.1641407013	0.0000000000	40.0000000000	0.0000000000
105	419.3399963379	506.5700073242	364.9089965820	0.1641407013	0.0000000000	40.0000000000	0.0000000000
105	408.5620117188	502.9140014648	364.0220031738	0.1715173721	0.0000000000	40.0000000000	0.0000000000
106	408.5620117188	502.9140014648	364.0220031738	0.1715173721	0.0000000000	40.0000000000	0.0000000000
106	400.2109985352	497.4739990234	365.7749938965	0.1387133598	0.0000000000	40.0000000000	0.0000000000
107	400.2109985352	497.4739990234	365.7749938965	0.1387133598	0.0000000000	40.0000000000	0.0000000000
107	389.1560058594	488.5180053711	365.8919982910	0.2005295753	0.0000000000	40.0000000000	0.0000000000
108	389.1560058594	488.5180053711	365.8919982910	0.2005295753	0.0000000000	40.0000000000	0.0000000000
108	374.9790039062	480.4739990234	366.9169921875	0.2238731384	0.0000000000	40.0000000000	0.0000000000
109	374.9790039062	480.4739990234	366.9169921875	0.2238731384	0.0000000000	40.0000000000	0.0000000000
109	362.8349914551	471.1250000000	366.6990051270	0.2217292786	0.0000000000	40.0000000000	0.0000000000
110	362.8349914551	471.1250000000	366.6990051270	0.2217292786	0.0000000000	40.0000000000	0.0000000000
110	346.6040039062	465.1210021973	368.2009887695	0.2381100655	0.0000000000	40.0000000000	0.0000000000
111	346.6040039062	465.1210021973	368.2009887695	0.2381100655	0.0000000000	40.0000000000	0.0000000000
111	332.3859863281	460.1619873047	368.8380126953	0.2065906525	0.0000000000	40.0000000000	0.0000000000
112	332.3859863281	460.1619873047	368.8380126953	0.2065906525	0.0000000000	40.0000000000	0.0000000000
112	320.6809997559	451.8649902344	369.3280029297	0.1974675655	0.0000000000	40.0000000000	0.0000000000
113	320.6809997559	451.8649902344	369.3280029297	0.1974675655	0.0000000000	40.0000000000	0.0000000000
113	305.9429931641	448.5979919434	369.8150024414	0.2105133533	0.0000000000	40.0000000000	0.0000000000
114	305.9429931641	448.5979919434	369.8150024414	0.2105133533	0.0000000000	40.0000000000	0.0000000000
114	292.0960083008	444.1879882812	370.6260070801	0.2001466751	0.0000000000	40.0000000000	0.0000000000
115	292.0960083008	444.1879882812	370.6260070801	0.2001466751	0.0000000000	40.0000000000	0.0000000000
115	279.4049987793	437.9150085449	371.2430114746	0.1942355633	0.0000000000	40.0000000000	0.0000000000
116	279.4049987793	437.9150085449	371.2430114746	0.1942355633	0.0000000000	40.0000000000	0.0000000000
116	266.8819885254	429.2179870605	371.5299987793	0.2133505344	0.0000000000	40.0000000000	0.0000000000
117	266.8819885254	429.2179870605	371.5299987793	0.2133505344	0.0000000000	40.0000000000	0.0000000000
117	253.1349945068	419.7489929199	372.4320068359	0.2291452885	0.0000000000	40.0000000000	0.0000000000
118	253.1349945068	419.7489929199	372.4320068359	0.2291452885	0.0000000000	40.0000000000	0.0000000000
118	248.2879943848	412.6359863281	372.1950073242	0.1219744682	0.0000000000	40.0000000000	0.0000000000
119	248.2879943848	412.6359863281	372.1950073242	0.1219744682	0.0000000000	40.0000000000	0.0000000000
119	234.6430053711	404.6579895020	373.1059875488	0.2196440697	0.0000000000	40.0000000000	0.0000000000
120	234.6430053711	404.6579895020	373.1059875488	0.2196440697	0.0000000000	40.0000000000	0.0000000000
120	220.8750000000	398.8500061035	373.6749877930	0.2082664967	0.0000000000	40.0000000000	0.0000000000
121	220.8750000000	398.8500061035	373.6749877930	0.2082664967	0.0000000000	40.0000000000	0.0000000000
121	215.7460021973	395.7040100098	373.9930114746	0.0833953619	0.0000000000	40.0000000000	0.0000000000
122	215.7460021973	395.7040100098	373.9930114746	0.0833953619	0.0000000000	40.0000000000	0.0000000000
122	205.3659973145	386.8460083008	374.5939941406	0.1872301102	0.0000000000	40.0000000000	0.0000000000
123	205.3659973145	386.8460083008	374.5939941406	0.1872301102	0.0000000000	40.0000000000	0.0000000000
123	200.1950073242	385.5620117188	375.9849853516	0.1036882401	0.0000000000	40.0000000000	0.0000000000
124	200.1950073242	385.5620117188	375.9849853516	0.1036882401	0.0000000000	40.0000000000	0.0000000000
124	189.9770050049	373.6780090332	375.2900085449	0.2150444984	0.0000000000	40.0000000000	0.0000000000
125	189.9770050049	373.6780090332	375.2900085449	0.2150444984	0.0000000000	40.0000000000	0.0000000000
125	178.3390045166	363.6700134277	375.8169860840	0.2105237842	0.0000000000	40.0000000000	0.0000000000
126	178.3390045166	363.6700134277	375.8169860840	0.2105237842	0.0000000000	40.0000000000	0.0000000000
126	166.7010040283	353.6619873047	376.3439941406	0.2105240226	0.0000000000	40.0000000000	0.0000000000
127	166.7010040283	353.6619873047	376.3439941406	0.2105240226	0.0000000000	40.0000000000	0.0000000000
127	155.8500061035	345.0679931641	376.8349914551	0.0957798958	0.0000000000	40.0000000000	1.0000000000
128	155.8500061035	345.0679931641	376.8349914551	0.0957798958	0.0000000000	40.0000000000	1.0000000000
128	144.9989929199	336.4739990234	377.3259887695	0.1898571998	0.0000000000	42.0000000000	0.0000000000
129	155.8500061035	345.0679931641	376.8349914551	0.0957798958	0.0000000000	40.0000000000	1.0000000000
129	160.0659942627	343.4049987793	380.6690063477	0.0957798958	0.0000000000	43.0000000000	1.0000000000
130	144.9989929199	336.4739990234	377.3259887695	0.1898571998	0.0000000000	42.0000000000	0.0000000000
130	134.3370056152	328.5390014648	377.8080139160	0.1488465071	0.0000000000	42.0000000000	1.0000000000
131	134.3370056152	328.5390014648	377.8080139160	0.1488465071	0.0000000000	42.0000000000	1.0000000000
131	135.9299926758	325.1919860840	387.6549987793	0.1488465071	0.0000000000	42.0000000000	1.0000000000
132	135.9299926758	325.1919860840	387.6549987793	0.1488465071	0.0000000000	42.0000000000	1.0000000000
132	136.2350006104	323.0090026855	396.2760009766	0.1238734722	0.0000000000	42.0000000000	1.0000000000
133	136.2350006104	323.0090026855	396.2760009766	0.1238734722	0.0000000000	42.0000000000	1.0000000000
133	136.5610046387	321.2520141602	403.8529968262	0.1081348658	0.0000000000	42.0000000000	1.0000000000
134	136.5610046387	321.2520141602	403.8529968262	0.1081348658	0.0000000000	42.0000000000	1.0000000000
134	136.2149963379	321.3729858398	410.0870056152	0.0850677490	0.0000000000	42.0000000000	1.0000000000
135	136.2149963379	321.3729858398	410.0870056152	0.0850677490	0.0000000000	42.0000000000	1.0000000000
135	137.1519927979	322.2439880371	419.5929870605	0.1073458195	0.0000000000	42.0000000000	1.0000000000
136	137.1519927979	322.2439880371	419.5929870605	0.1073458195	0.0000000000	42.0000000000	1.0000000000
136	136.1730041504	321.2390136719	425.3489990234	0.1530895531	0.0000000000	44.0000000000	1.0000000000
137	136.1730041504	321.2390136719	425.3489990234	0.1530895531	0.0000000000	44.0000000000	1.0000000000
137	134.6360015869	320.0020141602	435.6440124512	0.1357277632	0.0000000000	45.0000000000	1.0000000000
138	134.6360015869	320.0020141602	435.6440124512	0.1357277632	0.0000000000	45.0000000000	1.0000000000
138	134.3320007324	318.2900085449	444.5220031738	0.1251373291	0.0000000000	45.0000000000	1.0000000000
139	134.3320007324	318.2900085449	444.5220031738	0.1251373291	0.0000000000	45.0000000000	1.0000000000
139	136.0820007324	316.5710144043	455.0289916992	0.1498330832	0.0000000000	45.0000000000	1.0000000000
140	136.0820007324	316.5710144043	455.0289916992	0.1498330832	0.0000000000	45.0000000000	1.0000000000
140	137.1190032959	315.2409973145	464.7919921875	0.1367983520	0.0000000000	45.0000000000	1.0000000000
141	137.1190032959	315.2409973145	464.7919921875	0.1367983520	0.0000000000	45.0000000000	1.0000000000
141	137.7108001709	316.7383728027	472.3218078613	0.1439235210	0.0000000000	45.0000000000	0.0000000000
142	137.7108001709	316.7383728027	472.3218078613	0.1439235210	0.0000000000	45.0000000000	0.0000000000
142	142.7299957275	314.1480102539	463.0060119629	0.1439235210	0.0000000000	46.0000000000	0.0000000000
143	745.3330078125	405.6640014648	250.9429931641	0.1275281310	0.0000000000	23.0000000000	0.0000000000
143	726.4520263672	402.3269958496	251.7969970703	0.1301285625	0.0000000000	23.0000000000	0.0000000000
144	726.4520263672	402.3269958496	251.7969970703	0.1301285625	0.0000000000	23.0000000000	0.0000000000
144	710.6099853516	399.9840087891	252.5140075684	0.0970353782	0.0000000000	23.0000000000	0.0000000000
145	710.6099853516	399.9840087891	252.5140075684	0.0970353782	0.0000000000	23.0000000000	0.0000000000
145	700.3380126953	397.9010009766	252.9790039062	0.1582317352	0.0000000000	23.0000000000	1.0000000000
146	700.3380126953	397.9010009766	252.9790039062	0.1582317352	0.0000000000	23.0000000000	1.0000000000
146	685.5720214844	399.4729919434	254.2910003662	0.1582317352	0.0000000000	23.0000000000	1.0000000000
147	685.5720214844	399.4729919434	254.2910003662	0.1582317352	0.0000000000	23.0000000000	1.0000000000
147	671.3499755859	393.9339904785	259.2780151367	0.1888141632	0.0000000000	23.0000000000	1.0000000000
148	671.3499755859	393.9339904785	259.2780151367	0.1888141632	0.0000000000	23.0000000000	1.0000000000
148	655.1199951172	385.8139953613	259.0639953613	0.2231221199	0.0000000000	23.0000000000	1.0000000000
149	655.1199951172	385.8139953613	259.0639953613	0.2231221199	0.0000000000	23.0000000000	1.0000000000
149	635.6690063477	376.2749938965	259.0239868164	0.2518100739	0.0000000000	23.0000000000	1.0000000000
150	635.6690063477	376.2749938965	259.0239868164	0.2518100739	0.0000000000	23.0000000000	1.0000000000
150	617.9910278320	371.5440063477	262.2179870605	0.1981611252	0.0000000000	23.0000000000	1.0000000000
151	617.9910278320	371.5440063477	262.2179870605	0.1666429639	0.0000000000	23.0000000000	0.0000000000
151	598.1489868164	364.8680114746	266.2250061035	0.0645076632	0.0000000000	23.0000000000	0.0000000000
152	617.9910278320	371.5440063477	262.2179870605	0.1666429639	0.0000000000	23.0000000000	0.0000000000
152	617.5599975586	385.9490051270	260.4479980469	0.2111586332	0.0000000000	23.0000000000	0.0000000000
153	598.1489868164	364.8680114746	266.2250061035	0.0645076632	0.0000000000	23.0000000000	0.0000000000
153	590.3419799805	363.4519958496	266.8729858398	0.1228594780	0.0000000000	23.0000000000	0.0000000000
154	590.3419799805	363.4519958496	266.8729858398	0.1228594780	0.0000000000	23.0000000000	0.0000000000
154	576.2290039062	356.3619995117	267.2600097656	0.0945109129	0.0000000000	23.0000000000	0.0000000000
155	576.2290039062	356.3619995117	267.2600097656	0.0945109129	0.0000000000	23.0000000000	0.0000000000
155	566.1149902344	352.3829956055	271.5039978027	0.1610856056	0.0000000000	23.0000000000	0.0000000000
156	566.1149902344	352.3829956055	271.5039978027	0.1610856056	0.0000000000	23.0000000000	0.0000000000
156	548.7609863281	346.0889892578	274.4630126953	0.0069215298	0.0000000000	23.0000000000	0.0000000000
157	548.7609863281	346.0889892578	274.4630126953	0.0069215298	0.0000000000	23.0000000000	0.0000000000
157	540.1779785156	347.5310058594	273.6400146484	0.0131194592	0.0000000000	23.0000000000	0.0000000000
158	540.1779785156	347.5310058594	273.6400146484	0.0131194592	0.0000000000	23.0000000000	0.0000000000
158	522.8729858398	348.7269897461	273.5169982910	0.0040247440	0.0000000000	23.0000000000	0.0000000000
159	522.8729858398	348.7269897461	273.5169982910	0.0040247440	0.0000000000	23.0000000000	0.0000000000
159	518.2379760742	347.8049926758	275.0690002441	0.0040247440	0.0000000000	23.0000000000	0.0000000000
160	518.2379760742	347.8049926758	275.0690002441	0.0040247440	0.0000000000	23.0000000000	0.0000000000
160	498.4559936523	347.2890014648	276.8219909668	0.0148038864	0.0000000000	23.0000000000	1.0000000000
161	498.4559936523	347.2890014648	276.8219909668	0.0148038864	0.0000000000	23.0000000000	1.0000000000
161	481.4840087891	340.8510131836	281.7080078125	0.0082738400	0.0000000000	23.0000000000	1.0000000000
162	498.4559936523	347.2890014648	276.8219909668	0.0148038864	0.0000000000	23.0000000000	1.0000000000
162	500.0299987793	355.9379882812	275.6380004883	0.0129704475	0.0000000000	23.0000000000	1.0000000000
163	481.4840087891	340.8510131836	281.7080078125	0.0082738400	0.0000000000	23.0000000000	1.0000000000
163	466.6690063477	341.6799926758	282.1090087891	0.0052858591	0.0000000000	23.0000000000	1.0000000000
164	481.4840087891	340.8510131836	281.7080078125	0.0082738400	0.0000000000	23.0000000000	1.0000000000
164	478.5209960938	335.1480102539	286.6640014648	0.0130622387	0.0000000000	23.0000000000	1.0000000000
165	466.6690063477	341.6799926758	282.1090087891	0.0052858591	0.0000000000	23.0000000000	1.0000000000
165	460.5849914551	341.5050048828	286.1000061035	0.0000000000	0.0000000000	23.0000000000	-1.0000000000
166	466.6690063477	341.6799926758	282.1090087891	0.0052858591	0.0000000000	23.0000000000	1.0000000000
166	461.4989929199	346.0480041504	282.2879943848	0.0068637133	0.0000000000	23.0000000000	1.0000000000
167	466.6690063477	341.6799926758	282.1090087891	0.0052858591	0.0000000000	23.0000000000	1.0000000000
167	465.7099914551	333.7409973145	284.0559997559	0.0120807886	0.0000000000	23.0000000000	1.0000000000
168	460.5849914551	341.5050048828	286.1000061035	0.0102310181	0.0000000000	23.0000000000	1.0000000000
168	454.3729858398	339.8150024414	292.4930114746	0.0136842728	0.0000000000	23.0000000000	1.0000000000
169	454.3729858398	339.8150024414	292.4930114746	0.0116097927	0.0000000000	23.0000000000	1.0000000000
169	448.8210144043	338.6300048828	299.8630065918	0.0000000000	0.0000000000	23.0000000000	-1.0000000000
170	454.3729858398	339.8150024414	292.4930114746	0.0116097927	0.0000000000	23.0000000000	1.0000000000
170	458.0220031738	335.2009887695	296.1029968262	0.0116097927	0.0000000000	23.0000000000	1.0000000000
171	448.8210144043	338.6300048828	299.8630065918	0.1406564713	0.0000000000	23.0000000000	1.0000000000
171	444.1229858398	338.3680114746	306.6929931641	0.1237211227	0.0000000000	23.0000000000	1.0000000000
172	444.1229858398	338.3680114746	306.6929931641	0.1467233151	0.0000000000	23.0000000000	1.0000000000
172	436.3670043945	337.2149963379	315.0750122070	0.1039372236	0.0000000000	23.0000000000	1.0000000000
173	444.1229858398	338.3680114746	306.6929931641	0.1467233151	0.0000000000	23.0000000000	1.0000000000
173	461.2959899902	333.2420043945	303.4320068359	0.0396890640	0.0000000000	23.0000000000	1.0000000000
174	436.3670043945	337.2149963379	315.0750122070	0.1039372236	0.0000000000	23.0000000000	1.0000000000
174	431.7200012207	335.6799926758	321.4039916992	0.1435227692	0.0000000000	23.0000000000	1.0000000000
175	431.7200012207	335.6799926758	321.4039916992	0.1435227692	0.0000000000	23.0000000000	1.0000000000
175	422.5950012207	336.9089965820	328.4689941406	0.1615404189	0.0000000000	23.0000000000	1.0000000000
176	422.5950012207	336.9089965820	328.4689941406	0.1615404189	0.0000000000	23.0000000000	1.0000000000
176	413.0719909668	333.4630126953	336.6159973145	0.1727299094	0.0000000000	23.0000000000	1.0000000000
177	413.0719909668	333.4630126953	336.6159973145	0.1727299094	0.0000000000	23.0000000000	1.0000000000
177	403.4330139160	331.4110107422	346.0639953613	0.0934766531	0.0000000000	23.0000000000	1.0000000000
178	413.0719909668	333.4630126953	336.6159973145	0.1727299094	0.0000000000	23.0000000000	1.0000000000
178	404.7690124512	340.0610046387	344.6359863281	0.2184209824	0.0000000000	23.0000000000	1.0000000000
179	403.4330139160	331.4110107422	346.0639953613	0.0934766531	0.0000000000	23.0000000000	1.0000000000
179	398.6180114746	330.6350097656	351.4790039062	0.1373430490	0.0000000000	23.0000000000	1.0000000000
180	398.6180114746	330.6350097656	351.4790039062	0.1373430490	0.0000000000	23.0000000000	1.0000000000
180	392.0390014648	331.7590026855	359.7269897461	0.1319007874	0.0000000000	23.0000000000	1.0000000000
181	392.0390014648	331.7590026855	359.7269897461	0.1319007874	0.0000000000	23.0000000000	1.0000000000
181	384.3959960938	331.7929992676	366.8580017090	0.1546435356	0.0000000000	47.0000000000	1.0000000000
182	384.3959960938	331.7929992676	366.8580017090	0.1546435356	0.0000000000	47.0000000000	1.0000000000
182	374.1210021973	329.0209960938	373.8250122070	0.1512781382	0.0000000000	47.0000000000	1.0000000000
183	374.1210021973	329.0209960938	373.8250122070	0.1512781382	0.0000000000	47.0000000000	1.0000000000
183	364.6010131836	328.8599853516	381.4240112305	0.1281373501	0.0000000000	47.0000000000	1.0000000000
184	364.6010131836	328.8599853516	381.4240112305	0.1281373501	0.0000000000	47.0000000000	1.0000000000
184	357.2730102539	329.1740112305	388.4159851074	0.1252225637	0.0000000000	47.0000000000	1.0000000000
185	357.2730102539	329.1740112305	388.4159851074	0.1252225637	0.0000000000	47.0000000000	1.0000000000
185	350.0799865723	329.1319885254	395.2309875488	0.3911254406	0.0000000000	48.0000000000	1.0000000000
186	350.0799865723	329.1319885254	395.2309875488	0.3911254406	0.0000000000	48.0000000000	1.0000000000
186	336.2590026855	325.3699951172	404.6629943848	0.0518761873	0.0000000000	49.0000000000	1.0000000000
187	336.2590026855	325.3699951172	404.6629943848	0.0518761873	0.0000000000	49.0000000000	1.0000000000
187	329.1119995117	325.2099914551	405.4230041504	0.1378740072	0.0000000000	50.0000000000	1.0000000000
188	336.2590026855	325.3699951172	404.6629943848	0.0518761873	0.0000000000	49.0000000000	1.0000000000
188	336.3529968262	325.2409973145	403.2290039062	0.0315690041	0.0000000000	51.0000000000	1.0000000000
189	336.2590026855	325.3699951172	404.6629943848	0.0518761873	0.0000000000	49.0000000000	1.0000000000
189	340.2080078125	321.1690063477	404.6900024414	0.0788481236	0.0000000000	52.0000000000	1.0000000000
190	329.1119995117	325.2099914551	405.4230041504	0.1378740072	0.0000000000	50.0000000000	1.0000000000
190	310.0650024414	325.1979980469	407.3649902344	0.1363145113	0.0000000000	50.0000000000	1.0000000000
191	310.0650024414	325.1979980469	407.3649902344	0.1363145113	0.0000000000	50.0000000000	1.0000000000
191	291.2250061035	324.9830017090	409.2690124512	0.1033290625	0.0000000000	50.0000000000	1.0000000000
192	291.2250061035	324.9830017090	409.2690124512	0.1033290625	0.0000000000	50.0000000000	1.0000000000
192	276.7950134277	326.5159912109	410.3229980469	0.1148173809	0.0000000000	50.0000000000	1.0000000000
193	276.7950134277	326.5159912109	410.3229980469	0.1148173809	0.0000000000	50.0000000000	1.0000000000
193	261.3399963379	325.3399963379	412.1279907227	0.1052172184	0.0000000000	50.0000000000	1.0000000000
194	261.3399963379	325.3399963379	412.1279907227	0.1052172184	0.0000000000	50.0000000000	1.0000000000
194	246.9029998779	328.2929992676	413.2059936523	0.0958919525	0.0000000000	53.0000000000	1.0000000000
195	261.3399963379	325.3399963379	412.1279907227	0.1052172184	0.0000000000	50.0000000000	1.0000000000
195	248.9239959717	321.7109985352	414.1709899902	0.1710045338	0.0000000000	54.0000000000	0.0000000000
196	261.3399963379	325.3399963379	412.1279907227	0.1052172184	0.0000000000	50.0000000000	1.0000000000
196	253.6750030518	316.1489868164	412.8309936523	0.1716008186	0.0000000000	55.0000000000	1.0000000000
197	246.9029998779	328.2929992676	413.2059936523	0.0958919525	0.0000000000	53.0000000000	1.0000000000
197	234.3609924316	324.7760009766	414.8450012207	0.1581902504	0.0000000000	56.0000000000	1.0000000000
198	234.3609924316	324.7760009766	414.8450012207	0.1581902504	0.0000000000	56.0000000000	1.0000000000
198	228.5460052490	324.3789978027	414.7040100098	0.1060690880	0.0000000000	57.0000000000	1.0000000000
199	228.5460052490	324.3789978027	414.7040100098	0.1060690880	0.0000000000	57.0000000000	1.0000000000
199	215.0480041504	324.9779968262	416.7969970703	0.0570127964	0.0000000000	58.0000000000	1.0000000000
200	228.5460052490	324.3789978027	414.7040100098	0.1060690880	0.0000000000	57.0000000000	1.0000000000
200	232.0899963379	319.6239929199	414.3439941406	0.0910997391	0.0000000000	59.0000000000	1.0000000000
201	215.0480041504	324.9779968262	416.7969970703	0.0570127964	0.0000000000	58.0000000000	1.0000000000
201	208.0959930420	324.1780090332	418.8489990234	0.0951550007	0.0000000000	60.0000000000	1.0000000000
202	215.0480041504	324.9779968262	416.7969970703	0.0570127964	0.0000000000	58.0000000000	1.0000000000
202	219.3699951172	323.2120056152	418.5769958496	0.0656540394	0.0000000000	61.0000000000	0.0000000000
203	208.0959930420	324.1780090332	418.8489990234	0.0951550007	0.0000000000	60.0000000000	1.0000000000
203	195.3459930420	325.2449951172	418.7749938965	0.1466162205	0.0000000000	62.0000000000	1.0000000000
204	195.3459930420	325.2449951172	418.7749938965	0.1466162205	0.0000000000	62.0000000000	1.0000000000
204	177.8320007324	321.8439941406	420.5429992676	0.0000000000	0.0000000000	63.0000000000	-1.0000000000
205	195.3459930420	325.2449951172	418.7749938965	0.1466162205	0.0000000000	62.0000000000	1.0000000000
205	184.5749969482	331.3789978027	418.8980102539	0.1742703915	0.0000000000	64.0000000000	0.0000000000
206	177.8320007324	321.8439941406	420.5429992676	0.2414575815	0.0000000000	63.0000000000	1.0000000000
206	171.7079925537	319.7950134277	424.8190002441	0.0971770883	0.0000000000	63.0000000000	1.0000000000
207	171.7079925537	319.7950134277	424.8190002441	0.0971770883	0.0000000000	63.0000000000	1.0000000000
207	168.8090057373	319.6340026855	428.1879882812	0.0578835607	0.0000000000	63.0000000000	1.0000000000
208	168.8090057373	319.6340026855	428.1879882812	0.0578835607	0.0000000000	63.0000000000	1.0000000000
208	163.5279998779	317.7420043945	436.0199890137	0.1415959001	0.0000000000	63.0000000000	1.0000000000
209	163.5279998779	317.7420043945	436.0199890137	0.1415959001	0.0000000000	63.0000000000	1.0000000000
209	155.0019989014	318.0570068359	443.3479919434	0.1810216904	0.0000000000	63.0000000000	1.0000000000
210	155.0019989014	318.0570068359	443.3479919434	0.1810216904	0.0000000000	63.0000000000	1.0000000000
210	147.6159973145	315.6520080566	452.7219848633	0.1860663295	0.0000000000	63.0000000000	1.0000000000
211	147.6159973145	315.6520080566	452.7219848633	0.1860663295	0.0000000000	46.0000000000	1.0000000000
211	142.7299957275	314.1480102539	463.0060119629	0.1656524837	0.0000000000	46.0000000000	1.0000000000
212	142.7299957275	314.1480102539	463.0060119629	0.1439235210	0.0000000000	46.0000000000	0.0000000000
212	147.0959930420	300.8099975586	462.1950073242	0.2946023941	0.0000000000	65.0000000000	0.0000000000
213	423.3240051270	606.5200195312	364.7290039062	0.2372627258	0.0000000000	13.0000000000	0.0000000000
213	418.5910034180	603.3790283203	363.6170043945	0.0867154598	0.0000000000	13.0000000000	0.0000000000
214	418.5910034180	603.3790283203	363.6170043945	0.0867154598	0.0000000000	13.0000000000	0.0000000000
214	401.9670104980	601.0219726562	365.5960083008	0.2334702015	0.0000000000	13.0000000000	0.0000000000
215	401.9670104980	601.0219726562	365.5960083008	0.2334702015	0.0000000000	13.0000000000	0.0000000000
215	393.5400085449	597.3800048828	366.0780029297	0.1260116100	0.0000000000	13.0000000000	0.0000000000
216	393.5400085449	597.3800048828	366.0780029297	0.1260116100	0.0000000000	13.0000000000	0.0000000000
216	383.7940063477	594.4099731445	365.2770080566	0.1523263454	0.0000000000	13.0000000000	0.0000000000
217	383.7940063477	594.4099731445	365.2770080566	0.1523263454	0.0000000000	13.0000000000	0.0000000000
217	372.5989990234	590.7789916992	367.0249938965	0.1630935669	0.0000000000	13.0000000000	0.0000000000
218	372.5989990234	590.7789916992	367.0249938965	0.1630935669	0.0000000000	13.0000000000	0.0000000000
218	369.9270019531	589.8060302734	366.9339904785	0.0396113396	0.0000000000	13.0000000000	0.0000000000
219	369.9270019531	589.8060302734	366.9339904785	0.0396113396	0.0000000000	13.0000000000	0.0000000000
219	357.0390014648	584.6209716797	367.4030151367	0.1951105595	0.0000000000	13.0000000000	0.0000000000
220	357.0390014648	584.6209716797	367.4030151367	0.1951105595	0.0000000000	13.0000000000	0.0000000000
220	338.9519958496	582.1040039062	368.5480041504	0.2508063316	0.0000000000	13.0000000000	0.0000000000
221	338.9519958496	582.1040039062	368.5480041504	0.2508063316	0.0000000000	13.0000000000	0.0000000000
221	336.4760131836	581.9619750977	368.4030151367	0.0347006321	0.0000000000	13.0000000000	0.0000000000
222	336.4760131836	581.9619750977	368.4030151367	0.0347006321	0.0000000000	13.0000000000	0.0000000000
222	326.9230041504	580.0029907227	366.9949951172	0.1541357040	0.0000000000	13.0000000000	0.0000000000
223	326.9230041504	580.0029907227	366.9949951172	0.1541357040	0.0000000000	13.0000000000	0.0000000000
223	310.1350097656	576.8969726562	369.4060058594	0.2440731525	0.0000000000	13.0000000000	0.0000000000
224	310.1350097656	576.8969726562	369.4060058594	0.2440731525	0.0000000000	13.0000000000	0.0000000000
224	306.8689880371	576.8779907227	370.0000000000	0.0455038548	0.0000000000	13.0000000000	0.0000000000
225	306.8689880371	576.8779907227	370.0000000000	0.0455038548	0.0000000000	13.0000000000	0.0000000000
225	296.6109924316	576.6439819336	370.0100097656	0.1453266144	0.0000000000	13.0000000000	0.0000000000
226	296.6109924316	576.6439819336	370.0100097656	0.1453266144	0.0000000000	13.0000000000	0.0000000000
226	287.3280029297	572.9390258789	369.1099853516	0.1542763710	0.0000000000	13.0000000000	0.0000000000
227	287.3280029297	572.9390258789	369.1099853516	0.1542763710	0.0000000000	13.0000000000	0.0000000000
227	274.7699890137	572.6170043945	371.4530029297	0.1751637459	0.0000000000	13.0000000000	0.0000000000
228	274.7699890137	572.6170043945	371.4530029297	0.1751637459	0.0000000000	13.0000000000	0.0000000000
228	261.8190002441	570.1309814453	371.7059936523	0.1852337122	0.0000000000	13.0000000000	0.0000000000
229	261.8190002441	570.1309814453	371.7059936523	0.1852337122	0.0000000000	13.0000000000	0.0000000000
229	253.8930053711	566.2290039062	372.3980102539	0.1214677095	0.0000000000	13.0000000000	0.0000000000
230	253.8930053711	566.2290039062	372.3980102539	0.1214677095	0.0000000000	13.0000000000	0.0000000000
230	242.3699951172	558.0729980469	372.9190063477	0.1936441660	0.0000000000	13.0000000000	0.0000000000
231	242.3699951172	558.0729980469	372.9190063477	0.1936441660	0.0000000000	13.0000000000	0.0000000000
231	236.1250000000	555.1550292969	371.6480102539	0.1064172983	0.0000000000	13.0000000000	0.0000000000
232	236.1250000000	555.1550292969	371.6480102539	0.1064172983	0.0000000000	13.0000000000	0.0000000000
232	224.4730072021	552.1719970703	373.7290039062	0.1673189402	0.0000000000	13.0000000000	0.0000000000
233	224.4730072021	552.1719970703	373.7290039062	0.1673189402	0.0000000000	13.0000000000	0.0000000000
233	219.2089996338	552.8549804688	373.5130004883	0.0752431154	0.0000000000	13.0000000000	0.0000000000
234	219.2089996338	552.8549804688	373.5130004883	0.0752431154	0.0000000000	13.0000000000	0.0000000000
234	205.4129943848	547.8800048828	374.5910034180	0.2015696168	0.0000000000	13.0000000000	0.0000000000
235	205.4129943848	547.8800048828	374.5910034180	0.2015696168	0.0000000000	13.0000000000	0.0000000000
235	187.3589935303	547.0469970703	375.2950134277	0.2500259876	0.0000000000	13.0000000000	0.0000000000
236	187.3589935303	547.0469970703	375.2950134277	0.2500259876	0.0000000000	13.0000000000	0.0000000000
236	178.6829986572	544.8980102539	375.1600036621	0.1282367408	0.0000000000	13.0000000000	0.0000000000
237	178.6829986572	544.8980102539	375.1600036621	0.1282367408	0.0000000000	13.0000000000	0.0000000000
237	168.4450073242	541.7050170898	375.2059936523	0.1580639333	0.0000000000	13.0000000000	0.0000000000
238	168.4450073242	541.7050170898	375.2059936523	0.1580639333	0.0000000000	13.0000000000	0.0000000000
238	151.6060028076	536.4660034180	377.0270080566	0.1363471746	0.0000000000	13.0000000000	1.0000000000
239	151.6060028076	536.4660034180	377.0270080566	0.1363471746	0.0000000000	13.0000000000	1.0000000000
239	149.2799987793	536.8410034180	386.5429992676	0.1363471746	0.0000000000	13.0000000000	1.0000000000
240	149.2799987793	536.8410034180	386.5429992676	0.1363471746	0.0000000000	13.0000000000	1.0000000000
240	146.3589935303	536.9780273438	394.6719970703	0.1219128370	0.0000000000	13.0000000000	1.0000000000
241	146.3589935303	536.9780273438	394.6719970703	0.1219128370	0.0000000000	13.0000000000	1.0000000000
241	147.7839965820	539.0599975586	404.9030151367	0.1465423107	0.0000000000	13.0000000000	1.0000000000
242	147.7839965820	539.0599975586	404.9030151367	0.1465423107	0.0000000000	13.0000000000	1.0000000000
242	148.5269927979	538.0260009766	414.6029968262	0.1328454614	0.0000000000	13.0000000000	1.0000000000
243	148.5269927979	538.0260009766	414.6029968262	0.1328454614	0.0000000000	13.0000000000	1.0000000000
243	152.4920043945	540.1069946289	425.1000061035	0.1181322932	0.0000000000	13.0000000000	1.0000000000
244	152.4920043945	540.1069946289	425.1000061035	0.1181322932	0.0000000000	13.0000000000	1.0000000000
244	153.8159942627	539.4749755859	429.8349914551	0.0424314737	0.0000000000	13.0000000000	1.0000000000
245	153.8159942627	539.4749755859	429.8349914551	0.0424314737	0.0000000000	13.0000000000	1.0000000000
245	152.7440032959	538.6430053711	437.1570129395	0.0936986208	0.0000000000	13.0000000000	1.0000000000
246	152.7440032959	538.6430053711	437.1570129395	0.0936986208	0.0000000000	13.0000000000	1.0000000000
246	154.1940002441	539.8790283203	447.6950073242	0.1479554176	0.0000000000	13.0000000000	1.0000000000
247	154.1940002441	539.8790283203	447.6950073242	0.1479554176	0.0000000000	13.0000000000	1.0000000000
247	154.0390014648	543.9600219727	458.3080139160	0.1610752046	0.0000000000	13.0000000000	1.0000000000
248	154.0390014648	543.9600219727	458.3080139160	0.1610752046	0.0000000000	13.0000000000	1.0000000000
248	154.8739929199	545.1849975586	466.6019897461	0.1163915545	0.0000000000	13.0000000000	1.0000000000
249	154.8739929199	545.1849975586	466.6019897461	0.1163915545	0.0000000000	13.0000000000	1.0000000000
249	157.1609802246	544.7370605469	474.8090820312	0.1191690117	0.0000000000	66.0000000000	1.0000000000
250	461.4989929199	346.0480041504	282.2879943848	0.0068637133	0.0000000000	23.0000000000	1.0000000000
250	455.3670043945	352.1329956055	282.7260131836	0.0102671385	0.0000000000	23.0000000000	1.0000000000
251	461.4989929199	346.0480041504	282.2879943848	0.0068637133	0.0000000000	23.0000000000	1.0000000000
251	462.5180053711	360.1210021973	281.5079956055	0.0231258273	0.0000000000	23.0000000000	0.0000000000
252	455.3670043945	352.1329956055	282.7260131836	0.0102671385	0.0000000000	23.0000000000	1.0000000000
252	442.3670043945	355.8670043945	281.1449890137	0.0630337000	0.0000000000	23.0000000000	1.0000000000
253	442.3670043945	355.8670043945	281.1449890137	0.0630337000	0.0000000000	23.0000000000	1.0000000000
253	435.0910034180	360.3219909668	282.3160095215	0.1512116194	0.0000000000	23.0000000000	1.0000000000
254	435.0910034180	360.3219909668	282.3160095215	0.1512116194	0.0000000000	23.0000000000	1.0000000000
254	416.3049926758	368.6260070801	282.4729919434	0.0180971622	0.0000000000	23.0000000000	1.0000000000
255	416.3049926758	368.6260070801	282.4729919434	0.0180971622	0.0000000000	23.0000000000	1.0000000000
255	414.0440063477	370.1270141602	282.1250000000	0.1282819510	0.0000000000	23.0000000000	1.0000000000
256	414.0440063477	370.1270141602	282.1250000000	0.1282819510	0.0000000000	23.0000000000	1.0000000000
256	398.1669921875	379.8510131836	282.3210144043	0.0822273493	0.0000000000	23.0000000000	1.0000000000
257	398.1669921875	379.8510131836	282.3210144043	0.0822273493	0.0000000000	23.0000000000	1.0000000000
257	390.5520019531	384.9140014648	286.0169982910	0.0390543938	0.0000000000	23.0000000000	1.0000000000
258	390.5520019531	384.9140014648	286.0169982910	0.0390543938	0.0000000000	23.0000000000	1.0000000000
258	388.5270080566	386.5310058594	288.6279907227	0.0995746851	0.0000000000	23.0000000000	1.0000000000
259	388.5270080566	386.5310058594	288.6279907227	0.0995746851	0.0000000000	23.0000000000	1.0000000000
259	381.1759948730	390.2439880371	293.0960083008	0.0995746851	0.0000000000	23.0000000000	1.0000000000
260	388.5270080566	386.5310058594	288.6279907227	0.0995746851	0.0000000000	23.0000000000	1.0000000000
260	372.7120056152	390.9469909668	289.1000061035	0.2800294161	0.0000000000	23.0000000000	0.0000000000
261	381.1759948730	390.2439880371	293.0960083008	0.0995746851	0.0000000000	23.0000000000	1.0000000000
261	376.3819885254	393.0100097656	299.5150146484	0.1573737264	0.0000000000	23.0000000000	1.0000000000
262	376.3819885254	393.0100097656	299.5150146484	0.1573737264	0.0000000000	23.0000000000	1.0000000000
262	369.9370117188	396.1510009766	306.9649963379	0.1621480882	0.0000000000	23.0000000000	1.0000000000
263	376.3819885254	393.0100097656	299.5150146484	0.1573737264	0.0000000000	23.0000000000	1.0000000000
263	379.1419982910	390.5830078125	310.0629882812	0.1573737264	0.0000000000	23.0000000000	1.0000000000
264	369.9370117188	396.1510009766	306.9649963379	0.1621480882	0.0000000000	23.0000000000	1.0000000000
264	363.0710144043	399.2569885254	316.8919982910	0.1500155628	0.0000000000	23.0000000000	1.0000000000
265	363.0710144043	399.2569885254	316.8919982910	0.1500155628	0.0000000000	23.0000000000	1.0000000000
265	357.6629943848	402.2239990234	326.4760131836	0.2052859068	0.0000000000	67.0000000000	1.0000000000
266	357.6629943848	402.2239990234	326.4760131836	0.2052859068	0.0000000000	67.0000000000	1.0000000000
266	351.7869873047	406.7269897461	334.6879882812	0.0000000000	0.0000000000	67.0000000000	-1.0000000000
267	351.7869873047	406.7269897461	334.6879882812	0.1710462570	0.0000000000	67.0000000000	1.0000000000
267	348.6260070801	409.2630004883	340.0650024414	0.1015887260	0.0000000000	67.0000000000	1.0000000000
268	348.6260070801	409.2630004883	340.0650024414	0.1015887260	0.0000000000	67.0000000000	1.0000000000
268	344.8609924316	411.0119934082	345.6170043945	0.1044874191	0.0000000000	67.0000000000	1.0000000000
269	344.8609924316	411.0119934082	345.6170043945	0.1044874191	0.0000000000	67.0000000000	1.0000000000
269	339.0289916992	417.0750122070	352.4450073242	0.1759793758	0.0000000000	67.0000000000	1.0000000000
270	339.0289916992	417.0750122070	352.4450073242	0.1759793758	0.0000000000	67.0000000000	1.0000000000
270	331.9750061035	420.1350097656	358.4190063477	0.1592612267	0.0000000000	67.0000000000	1.0000000000
271	331.9750061035	420.1350097656	358.4190063477	0.1592612267	0.0000000000	67.0000000000	1.0000000000
271	324.9339904785	423.5849914551	367.7609863281	0.1867430210	0.0000000000	67.0000000000	1.0000000000
272	324.9339904785	423.5849914551	367.7609863281	0.1867430210	0.0000000000	67.0000000000	1.0000000000
272	320.7619934082	426.2869873047	375.5020141602	0.1360960007	0.0000000000	67.0000000000	1.0000000000
273	320.7619934082	426.2869873047	375.5020141602	0.1360960007	0.0000000000	67.0000000000	1.0000000000
273	313.5690002441	429.8479919434	382.8810119629	0.1735985279	0.0000000000	67.0000000000	1.0000000000
274	313.5690002441	429.8479919434	382.8810119629	0.1735985279	0.0000000000	67.0000000000	1.0000000000
274	308.0539855957	431.7900085449	388.6119995117	0.1290602684	0.0000000000	67.0000000000	1.0000000000
275	308.0539855957	431.7900085449	388.6119995117	0.1290602684	0.0000000000	67.0000000000	1.0000000000
275	304.7340087891	432.8160095215	393.5530090332	0.0903365612	0.0000000000	67.0000000000	1.0000000000
276	304.7340087891	432.8160095215	393.5530090332	0.0903365612	0.0000000000	67.0000000000	1.0000000000
276	294.0589904785	438.1780090332	404.5050048828	0.1470882893	0.0000000000	67.0000000000	1.0000000000
277	294.0589904785	438.1780090332	404.5050048828	0.0362868309	0.0000000000	67.0000000000	1.0000000000
277	291.2680053711	442.3559875488	404.9970092773	0.1157379150	0.0000000000	68.0000000000	1.0000000000
278	294.0589904785	438.1780090332	404.5050048828	0.0362868309	0.0000000000	67.0000000000	1.0000000000
278	288.7099914551	423.6010131836	404.3569946289	0.1897469759	0.0000000000	69.0000000000	1.0000000000
279	291.2680053711	442.3559875488	404.9970092773	0.1157379150	0.0000000000	68.0000000000	1.0000000000
279	279.6289978027	452.2049865723	407.7749938965	0.1239569187	0.0000000000	68.0000000000	1.0000000000
280	279.6289978027	452.2049865723	407.7749938965	0.1239569187	0.0000000000	68.0000000000	1.0000000000
280	267.3750000000	462.9450073242	408.9830017090	0.1183853149	0.0000000000	68.0000000000	1.0000000000
281	267.3750000000	462.9450073242	408.9830017090	0.1183853149	0.0000000000	68.0000000000	1.0000000000
281	253.1540069580	470.3980102539	411.0209960938	0.1183853149	0.0000000000	68.0000000000	1.0000000000
282	253.1540069580	470.3980102539	411.0209960938	0.1183853149	0.0000000000	68.0000000000	1.0000000000
282	241.2550048828	476.0780029297	412.2529907227	0.0824522674	0.0000000000	68.0000000000	1.0000000000
283	241.2550048828	476.0780029297	412.2529907227	0.0824522674	0.0000000000	68.0000000000	1.0000000000
283	232.3190002441	481.3110046387	414.4939880371	0.0561569184	0.0000000000	68.0000000000	1.0000000000
284	232.3190002441	481.3110046387	414.4939880371	0.0561569184	0.0000000000	68.0000000000	1.0000000000
284	226.8439941406	486.6090087891	415.0830078125	0.0540913194	0.0000000000	68.0000000000	1.0000000000
285	226.8439941406	486.6090087891	415.0830078125	0.0540913194	0.0000000000	68.0000000000	1.0000000000
285	221.1439971924	490.4970092773	416.6960144043	0.1242453158	0.0000000000	68.0000000000	1.0000000000
286	221.1439971924	490.4970092773	416.6960144043	0.1242453158	0.0000000000	68.0000000000	1.0000000000
286	206.6739959717	498.8750000000	417.9100036621	0.0933867991	0.0000000000	68.0000000000	1.0000000000
287	206.6739959717	498.8750000000	417.9100036621	0.0933867991	0.0000000000	68.0000000000	1.0000000000
287	196.9069976807	505.7470092773	420.0119934082	0.0493257344	0.0000000000	68.0000000000	1.0000000000
288	196.9069976807	505.7470092773	420.0119934082	0.0493257344	0.0000000000	68.0000000000	1.0000000000
288	192.5959930420	510.5629882812	421.1359863281	0.1137038767	0.0000000000	68.0000000000	1.0000000000
289	192.5959930420	510.5629882812	421.1359863281	0.1137038767	0.0000000000	68.0000000000	1.0000000000
289	181.4570007324	521.2819824219	423.1400146484	0.0629598498	0.0000000000	68.0000000000	1.0000000000
290	181.4570007324	521.2819824219	423.1400146484	0.0629598498	0.0000000000	68.0000000000	1.0000000000
290	178.7270050049	524.9110107422	427.9559936523	0.1101022363	0.0000000000	68.0000000000	1.0000000000
291	178.7270050049	524.9110107422	427.9559936523	0.1101022363	0.0000000000	68.0000000000	1.0000000000
291	175.5339965820	530.1829833984	435.6969909668	0.1208588481	0.0000000000	68.0000000000	1.0000000000
292	175.5339965820	530.1829833984	435.6969909668	0.1208588481	0.0000000000	68.0000000000	1.0000000000
292	171.9629974365	533.1510009766	443.8420104980	0.1618902087	0.0000000000	68.0000000000	1.0000000000
293	171.9629974365	533.1510009766	443.8420104980	0.1618902087	0.0000000000	68.0000000000	1.0000000000
293	165.1820068359	536.7219848633	453.6820068359	0.1618902087	0.0000000000	68.0000000000	1.0000000000
294	165.1820068359	536.7219848633	453.6820068359	0.1618902087	0.0000000000	68.0000000000	1.0000000000
294	160.6459960938	540.0159912109	463.6730041504	0.0000000000	0.0000000000	68.0000000000	-1.0000000000
295	160.6459960938	540.0159912109	463.6730041504	0.1670779288	0.0000000000	66.0000000000	1.0000000000
295	157.1609802246	544.7370605469	474.8090820312	0.1824901700	0.0000000000	66.0000000000	1.0000000000
296	449.7239990234	512.1740112305	363.5339965820	0.2072107792	0.0000000000	39.0000000000	1.0000000000
296	444.5220031738	502.1719970703	363.7699890137	0.2072135210	0.0000000000	39.0000000000	1.0000000000
297	444.5220031738	502.1719970703	363.7699890137	0.2072135210	0.0000000000	39.0000000000	1.0000000000
297	438.9960021973	490.6239929199	364.0199890137	0.2354052067	0.0000000000	39.0000000000	1.0000000000
298	438.9960021973	490.6239929199	364.0199890137	0.2354052067	0.0000000000	39.0000000000	1.0000000000
298	433.4700012207	479.0750122070	364.2699890137	0.2354215384	0.0000000000	39.0000000000	1.0000000000
299	433.4700012207	479.0750122070	364.2699890137	0.2354215384	0.0000000000	39.0000000000	1.0000000000
299	428.8590087891	468.3330078125	364.4790039062	0.2150651813	0.0000000000	39.0000000000	1.0000000000
300	428.8590087891	468.3330078125	364.4790039062	0.2150651813	0.0000000000	39.0000000000	1.0000000000
300	424.2489929199	457.5920104980	364.6870117188	0.1602444649	0.0000000000	70.0000000000	0.0000000000
301	428.8590087891	468.3330078125	364.4790039062	0.2150651813	0.0000000000	39.0000000000	1.0000000000
301	418.9010009766	460.3750000000	365.5440063477	0.2557108402	0.0000000000	71.0000000000	1.0000000000
302	424.2489929199	457.5920104980	364.6870117188	0.1602444649	0.0000000000	70.0000000000	0.0000000000
302	420.6640014648	451.4460144043	364.8489990234	0.0975556374	0.0000000000	70.0000000000	0.0000000000
303	420.6640014648	451.4460144043	364.8489990234	0.0975556374	0.0000000000	70.0000000000	0.0000000000
303	410.8179931641	442.1090087891	365.2959899902	0.1860995293	0.0000000000	70.0000000000	0.0000000000
304	410.8179931641	442.1090087891	365.2959899902	0.1860995293	0.0000000000	70.0000000000	0.0000000000
304	405.1059875488	435.8580017090	365.5539855957	0.1161241531	0.0000000000	70.0000000000	0.0000000000
305	405.1059875488	435.8580017090	365.5539855957	0.1161241531	0.0000000000	70.0000000000	0.0000000000
305	394.6600036621	423.0180053711	366.0260009766	0.2269835472	0.0000000000	70.0000000000	0.0000000000
306	394.6600036621	423.0180053711	366.0260009766	0.2269835472	0.0000000000	70.0000000000	0.0000000000
306	385.5989990234	410.9869995117	366.4370117188	0.1792224795	0.0000000000	72.0000000000	1.0000000000
307	385.5989990234	410.9869995117	366.4370117188	0.1792224795	0.0000000000	72.0000000000	1.0000000000
307	383.6130065918	397.8880004883	366.5260009766	0.1816091537	0.0000000000	73.0000000000	0.0000000000
308	385.5989990234	410.9869995117	366.4370117188	0.1792224795	0.0000000000	72.0000000000	1.0000000000
308	379.7879943848	411.7850036621	366.7000122070	0.0698325634	0.0000000000	74.0000000000	1.0000000000
309	383.6130065918	397.8880004883	366.5260009766	0.1816091537	0.0000000000	73.0000000000	0.0000000000
309	382.0029907227	388.1229858398	366.5989990234	0.1356635094	0.0000000000	73.0000000000	0.0000000000
310	382.0029907227	388.1229858398	366.5989990234	0.1356635094	0.0000000000	73.0000000000	0.0000000000
310	380.6350097656	377.2049865723	366.4530029297	0.2342177927	0.0000000000	75.0000000000	1.0000000000
311	380.6350097656	377.2049865723	366.4530029297	0.2342177927	0.0000000000	75.0000000000	1.0000000000
311	377.0910034180	365.1310119629	366.8219909668	0.1224231720	0.0000000000	76.0000000000	1.0000000000
312	380.6350097656	377.2049865723	366.4530029297	0.2342177927	0.0000000000	75.0000000000	1.0000000000
312	379.4410095215	391.2109985352	366.7160034180	0.1436357200	0.0000000000	77.0000000000	1.0000000000
313	377.0910034180	365.1310119629	366.8219909668	0.1224231720	0.0000000000	76.0000000000	1.0000000000
313	370.1860046387	353.7909851074	366.4150085449	0.1915373802	0.0000000000	78.0000000000	0.0000000000
314	377.0910034180	365.1310119629	366.8219909668	0.1224231720	0.0000000000	76.0000000000	1.0000000000
314	377.1010131836	371.7120056152	365.3680114746	0.0742704868	0.0000000000	79.0000000000	1.0000000000
315	370.1860046387	353.7909851074	366.4150085449	0.1915373802	0.0000000000	78.0000000000	0.0000000000
315	371.0230102539	341.4869995117	367.0960083008	0.1902971268	0.0000000000	78.0000000000	0.0000000000
316	371.0230102539	341.4869995117	367.0960083008	0.1902971268	0.0000000000	78.0000000000	0.0000000000
316	371.6820068359	330.2049865723	365.7279968262	0.1706652641	0.0000000000	80.0000000000	0.0000000000
317	371.0230102539	341.4869995117	367.0960083008	0.1902971268	0.0000000000	78.0000000000	0.0000000000
317	368.1709899902	350.7560119629	368.9519958496	0.1902971268	0.0000000000	81.0000000000	0.0000000000
318	371.6820068359	330.2049865723	365.7279968262	0.1706652641	0.0000000000	80.0000000000	0.0000000000
318	365.5490112305	318.4240112305	367.3439941406	0.1834008694	0.0000000000	80.0000000000	0.0000000000
319	365.5490112305	318.4240112305	367.3439941406	0.1834008694	0.0000000000	80.0000000000	0.0000000000
319	362.5620117188	304.0690002441	367.4140014648	0.2019703388	0.0000000000	80.0000000000	0.0000000000
320	362.5620117188	304.0690002441	367.4140014648	0.2019703388	0.0000000000	80.0000000000	0.0000000000
320	360.5010070801	296.8169860840	367.5729980469	0.1033656597	0.0000000000	80.0000000000	0.0000000000
321	360.5010070801	296.8169860840	367.5729980469	0.1033656597	0.0000000000	80.0000000000	0.0000000000
321	359.6059875488	290.5849914551	366.0419921875	0.0984728336	0.0000000000	80.0000000000	0.0000000000
322	359.6059875488	290.5849914551	366.0419921875	0.0984728336	0.0000000000	80.0000000000	0.0000000000
322	356.7969970703	284.5060119629	365.5969848633	0.1052429676	0.0000000000	80.0000000000	0.0000000000
323	356.7969970703	284.5060119629	365.5969848633	0.1052429676	0.0000000000	80.0000000000	0.0000000000
323	353.9880065918	276.1560058594	366.6180114746	0.2356465161	0.0000000000	82.0000000000	1.0000000000
324	353.9880065918	276.1560058594	366.6180114746	0.2356465161	0.0000000000	82.0000000000	1.0000000000
324	344.8949890137	263.7070007324	368.1770019531	0.2140061855	0.0000000000	83.0000000000	0.0000000000
325	344.8949890137	263.7070007324	368.1770019531	0.2140061855	0.0000000000	83.0000000000	0.0000000000
325	343.0180053711	249.8309936523	368.3640136719	0.1919531822	0.0000000000	83.0000000000	0.0000000000
326	343.0180053711	249.8309936523	368.3640136719	0.1919531822	0.0000000000	83.0000000000	0.0000000000
326	339.9649963379	243.3090057373	365.2569885254	0.1296365261	0.0000000000	83.0000000000	0.0000000000
327	339.9649963379	243.3090057373	365.2569885254	0.1296365261	0.0000000000	83.0000000000	0.0000000000
327	337.5620117188	230.6799926758	368.6109924316	0.1821153164	0.0000000000	83.0000000000	0.0000000000
328	337.5620117188	230.6799926758	368.6109924316	0.1821153164	0.0000000000	83.0000000000	0.0000000000
328	334.6700134277	220.1900024414	368.3550109863	0.1534365416	0.0000000000	83.0000000000	0.0000000000
329	334.6700134277	220.1900024414	368.3550109863	0.1534365416	0.0000000000	83.0000000000	0.0000000000
329	331.8569946289	212.2250061035	368.8689880371	0.1160024405	0.0000000000	83.0000000000	0.0000000000
330	331.8569946289	212.2250061035	368.8689880371	0.1160024405	0.0000000000	83.0000000000	0.0000000000
330	327.2390136719	203.0240020752	369.0559997559	0.1413700581	0.0000000000	83.0000000000	0.0000000000
331	327.2390136719	203.0240020752	369.0559997559	0.1413700581	0.0000000000	83.0000000000	0.0000000000
331	325.0859985352	194.2799987793	369.1749877930	0.1234481335	0.0000000000	83.0000000000	0.0000000000
332	325.0859985352	194.2799987793	369.1749877930	0.1234481335	0.0000000000	83.0000000000	0.0000000000
332	322.3810119629	182.1640014648	368.9819946289	0.1741552949	0.0000000000	83.0000000000	0.0000000000
333	322.3810119629	182.1640014648	368.9819946289	0.1741552949	0.0000000000	83.0000000000	0.0000000000
333	317.9400024414	177.1040039062	369.4989929199	0.3025527894	0.0000000000	84.0000000000	1.0000000000
334	317.9400024414	177.1040039062	369.4989929199	0.3025527894	0.0000000000	84.0000000000	1.0000000000
334	313.8689880371	173.1649932861	369.4490051270	0.0789980888	0.0000000000	85.0000000000	0.0000000000
335	313.8689880371	173.1649932861	369.4490051270	0.0789980888	0.0000000000	85.0000000000	0.0000000000
335	309.8420104980	160.5019989014	369.8649902344	0.1209278107	0.0000000000	86.0000000000	1.0000000000
336	309.8420104980	160.5019989014	369.8649902344	0.1209278107	0.0000000000	86.0000000000	1.0000000000
336	306.4370117188	152.4499969482	369.8330078125	0.1214971542	0.0000000000	87.0000000000	0.0000000000
337	309.8420104980	160.5019989014	369.8649902344	0.1209278107	0.0000000000	67.0000000000	1.0000000000
337	309.4530029297	172.2640075684	369.8829956055	0.1209244728	0.0000000000	67.0000000000	1.0000000000
338	306.4370117188	152.4499969482	369.8330078125	0.1214971542	0.0000000000	87.0000000000	0.0000000000
338	301.4230041504	144.6459960938	370.2460021973	0.2026233673	0.0000000000	87.0000000000	1.0000000000
339	301.4230041504	144.6459960938	370.2460021973	0.2026233673	0.0000000000	87.0000000000	1.0000000000
339	301.2550048828	133.1040039062	370.2539978027	0.1582274139	0.0000000000	88.0000000000	0.0000000000
340	301.4230041504	144.6459960938	370.2460021973	0.2026233673	0.0000000000	87.0000000000	1.0000000000
340	310.2319946289	148.7400054932	369.8479919434	0.2026233673	0.0000000000	89.0000000000	1.0000000000
341	301.2550048828	133.1040039062	370.2539978027	0.1582274139	0.0000000000	88.0000000000	0.0000000000
341	300.9079895020	121.8389968872	370.2699890137	0.1407283545	0.0000000000	88.0000000000	1.0000000000
342	300.9079895020	121.8389968872	370.2699890137	0.1407283545	0.0000000000	88.0000000000	1.0000000000
342	299.2340087891	121.6360015869	380.3259887695	0.1407283545	0.0000000000	88.0000000000	1.0000000000
343	299.2340087891	121.6360015869	380.3259887695	0.1407283545	0.0000000000	88.0000000000	1.0000000000
343	298.4259948730	119.6350021362	390.8599853516	0.1488918066	0.0000000000	88.0000000000	1.0000000000
344	298.4259948730	119.6350021362	390.8599853516	0.1488918066	0.0000000000	88.0000000000	1.0000000000
344	296.1010131836	118.3929977417	401.2940063477	0.1497632265	0.0000000000	88.0000000000	1.0000000000
345	296.1010131836	118.3929977417	401.2940063477	0.1497632265	0.0000000000	88.0000000000	1.0000000000
345	296.0989990234	118.7549972534	404.1849975586	0.0400921106	0.0000000000	88.0000000000	1.0000000000
346	296.0989990234	118.7549972534	404.1849975586	0.0400921106	0.0000000000	88.0000000000	1.0000000000
346	296.4769897461	118.0999984741	414.7730102539	0.1444367766	0.0000000000	88.0000000000	1.0000000000
347	296.4769897461	118.0999984741	414.7730102539	0.1444367766	0.0000000000	88.0000000000	1.0000000000
347	297.9460144043	116.8519973755	421.7590026855	0.0901147127	0.0000000000	88.0000000000	1.0000000000
348	297.9460144043	116.8519973755	421.7590026855	0.0901147127	0.0000000000	88.0000000000	1.0000000000
348	296.7929992676	113.2419967651	430.1979980469	0.0689666867	0.0000000000	88.0000000000	1.0000000000
349	296.7929992676	113.2419967651	430.1979980469	0.0689666867	0.0000000000	88.0000000000	1.0000000000
349	296.1759948730	112.0139999390	437.6050109863	0.0904537439	0.0000000000	88.0000000000	1.0000000000
350	296.1759948730	112.0139999390	437.6050109863	0.0904537439	0.0000000000	88.0000000000	1.0000000000
350	295.6099853516	109.5889968872	447.1180114746	0.1365565658	0.0000000000	88.0000000000	1.0000000000
351	295.6099853516	109.5889968872	447.1180114746	0.1365565658	0.0000000000	88.0000000000	1.0000000000
351	295.4909973145	109.3010025024	454.7940063477	0.1053478718	0.0000000000	88.0000000000	1.0000000000
352	295.4909973145	109.3010025024	454.7940063477	0.1053478718	0.0000000000	88.0000000000	1.0000000000
352	296.6140136719	108.1620025635	459.0580139160	0.0644139946	0.0000000000	88.0000000000	1.0000000000
353	296.6140136719	108.1620025635	459.0580139160	0.0644139946	0.0000000000	88.0000000000	1.0000000000
353	299.2560119629	108.7979965210	467.9670104980	0.1304511428	0.0000000000	88.0000000000	1.0000000000
354	299.2560119629	108.7979965210	467.9670104980	0.1304511428	0.0000000000	88.0000000000	1.0000000000
354	301.8479919434	106.2649993896	476.8020019531	0.1357942373	0.0000000000	88.0000000000	1.0000000000
355	301.8479919434	106.2649993896	476.8020019531	0.1357942373	0.0000000000	88.0000000000	1.0000000000
355	299.7950134277	108.1900024414	482.5809936523	0.1366103441	0.0000000000	88.0000000000	1.0000000000
356	478.5209960938	335.1480102539	286.6640014648	0.0130622387	0.0000000000	23.0000000000	1.0000000000
356	474.1489868164	325.6369934082	292.3890075684	0.0133008976	0.0000000000	23.0000000000	1.0000000000
357	474.1489868164	325.6369934082	292.3890075684	0.0133008976	0.0000000000	23.0000000000	1.0000000000
357	469.2080078125	321.2909851074	300.5790100098	0.0094982106	0.0000000000	23.0000000000	1.0000000000
358	469.2080078125	321.2909851074	300.5790100098	0.0094982106	0.0000000000	23.0000000000	1.0000000000
358	466.2780151367	317.6610107422	306.2560119629	0.0258275867	0.0000000000	23.0000000000	1.0000000000
359	466.2780151367	317.6610107422	306.2560119629	0.0258275867	0.0000000000	23.0000000000	1.0000000000
359	463.9330139160	312.9460144043	313.0090026855	0.1168122888	0.0000000000	23.0000000000	1.0000000000
360	463.9330139160	312.9460144043	313.0090026855	0.1168122888	0.0000000000	23.0000000000	1.0000000000
360	457.3340148926	307.8580017090	320.5610046387	0.1615195870	0.0000000000	23.0000000000	1.0000000000
361	457.3340148926	307.8580017090	320.5610046387	0.1615195870	0.0000000000	23.0000000000	1.0000000000
361	448.1879882812	302.3089904785	327.2070007324	0.1920582950	0.0000000000	23.0000000000	1.0000000000
362	448.1879882812	302.3089904785	327.2070007324	0.1920582950	0.0000000000	23.0000000000	1.0000000000
362	442.9779968262	296.8210144043	335.8349914551	0.1591473520	0.0000000000	23.0000000000	1.0000000000
363	448.1879882812	302.3089904785	327.2070007324	0.1920582950	0.0000000000	23.0000000000	1.0000000000
363	444.2890014648	296.3460083008	330.5859985352	0.1389703453	0.0000000000	23.0000000000	1.0000000000
364	442.9779968262	296.8210144043	335.8349914551	0.1591473520	0.0000000000	23.0000000000	1.0000000000
364	439.7579956055	292.9909973145	343.3290100098	0.1205224618	0.0000000000	23.0000000000	1.0000000000
365	442.9779968262	296.8210144043	335.8349914551	0.1591473520	0.0000000000	23.0000000000	1.0000000000
365	434.2569885254	308.0589904785	339.8240051270	0.2764225006	0.0000000000	23.0000000000	1.0000000000
366	439.7579956055	292.9909973145	343.3290100098	0.1205224618	0.0000000000	23.0000000000	1.0000000000
366	434.5650024414	291.0840148926	349.5710144043	0.1158407703	0.0000000000	23.0000000000	1.0000000000
367	439.7579956055	292.9909973145	343.3290100098	0.1205224618	0.0000000000	23.0000000000	1.0000000000
367	431.3729858398	285.0679931641	341.9419860840	0.1335694194	0.0000000000	23.0000000000	1.0000000000
368	434.5650024414	291.0840148926	349.5710144043	0.1158407703	0.0000000000	23.0000000000	1.0000000000
368	429.8649902344	288.8649902344	355.8299865723	0.1239799261	0.0000000000	23.0000000000	1.0000000000
369	429.8649902344	288.8649902344	355.8299865723	0.1239799261	0.0000000000	23.0000000000	1.0000000000
369	426.4429931641	287.1099853516	364.2470092773	0.0931996703	0.0000000000	23.0000000000	1.0000000000
370	426.4429931641	287.1099853516	364.2470092773	0.0931996703	0.0000000000	23.0000000000	1.0000000000
370	422.5750122070	284.9979858398	369.9119873047	0.1194934845	0.0000000000	23.0000000000	1.0000000000
371	422.5750122070	284.9979858398	369.9119873047	0.1194934845	0.0000000000	23.0000000000	1.0000000000
371	419.9049987793	281.6329956055	377.8099975586	0.1246430874	0.0000000000	23.0000000000	1.0000000000
372	419.9049987793	281.6329956055	377.8099975586	0.1246430874	0.0000000000	23.0000000000	1.0000000000
372	413.5650024414	278.3259887695	384.6000061035	0.1443461180	0.0000000000	23.0000000000	1.0000000000
373	413.5650024414	278.3259887695	384.6000061035	0.1443461180	0.0000000000	23.0000000000	1.0000000000
373	405.6600036621	270.0239868164	393.4849853516	0.0000000000	0.0000000000	23.0000000000	-1.0000000000
374	405.6600036621	270.0239868164	393.4849853516	0.2373154163	0.0000000000	23.0000000000	1.0000000000
374	393.6770019531	265.8559875488	405.1189880371	0.1562201977	0.0000000000	23.0000000000	1.0000000000
375	393.6770019531	265.8559875488	405.1189880371	0.0959105492	0.0000000000	23.0000000000	1.0000000000
375	382.7709960938	259.2900085449	407.2820129395	0.1201870441	0.0000000000	23.0000000000	1.0000000000
376	393.6770019531	265.8559875488	405.1189880371	0.0959105492	0.0000000000	23.0000000000	1.0000000000
376	405.0580139160	274.1369934082	396.4079895020	0.4000391960	0.0000000000	23.0000000000	1.0000000000
377	382.7709960938	259.2900085449	407.2820129395	0.1201870441	0.0000000000	23.0000000000	1.0000000000
377	369.3869934082	250.4609985352	409.2590026855	0.0729033947	0.0000000000	23.0000000000	1.0000000000
378	369.3869934082	250.4609985352	409.2590026855	0.0729033947	0.0000000000	23.0000000000	1.0000000000
378	364.2330017090	242.0910034180	410.6719970703	0.1112997532	0.0000000000	23.0000000000	1.0000000000
379	364.2330017090	242.0910034180	410.6719970703	0.1112997532	0.0000000000	23.0000000000	1.0000000000
379	354.1019897461	229.7980041504	411.2690124512	0.0835223198	0.0000000000	23.0000000000	1.0000000000
380	354.1019897461	229.7980041504	411.2690124512	0.0835223198	0.0000000000	23.0000000000	1.0000000000
380	349.5109863281	220.9080047607	412.9869995117	0.0684859753	0.0000000000	23.0000000000	1.0000000000
381	349.5109863281	220.9080047607	412.9869995117	0.0684859753	0.0000000000	23.0000000000	1.0000000000
381	345.2980041504	214.3289947510	415.2070007324	0.0727484226	0.0000000000	23.0000000000	1.0000000000
382	345.2980041504	214.3289947510	415.2070007324	0.0727484226	0.0000000000	23.0000000000	1.0000000000
382	344.5150146484	204.6900024414	416.5880126953	0.0727484226	0.0000000000	23.0000000000	1.0000000000
383	344.5150146484	204.6900024414	416.5880126953	0.0727484226	0.0000000000	23.0000000000	1.0000000000
383	337.1969909668	191.7239990234	418.7359924316	0.0000000000	0.0000000000	23.0000000000	-1.0000000000
384	337.1969909668	191.7239990234	418.7359924316	0.1950906515	0.0000000000	23.0000000000	1.0000000000
384	335.3649902344	183.8910064697	419.4530029297	0.1057903767	0.0000000000	23.0000000000	1.0000000000
385	335.3649902344	183.8910064697	419.4530029297	0.1057903767	0.0000000000	23.0000000000	1.0000000000
385	326.0559997559	171.7760009766	421.5710144043	0.1969140768	0.0000000000	23.0000000000	1.0000000000
386	326.0559997559	171.7760009766	421.5710144043	0.1969140768	0.0000000000	23.0000000000	1.0000000000
386	323.2860107422	158.9270019531	422.9249877930	0.1742240191	0.0000000000	23.0000000000	1.0000000000
387	323.2860107422	158.9270019531	422.9249877930	0.1742240191	0.0000000000	23.0000000000	1.0000000000
387	321.1210021973	153.7180023193	424.3250122070	0.0729525089	0.0000000000	23.0000000000	1.0000000000
388	321.1210021973	153.7180023193	424.3250122070	0.1379792690	0.0000000000	23.0000000000	1.0000000000
388	317.8139953613	151.0269927979	426.9110107422	0.0000000000	0.0000000000	23.0000000000	-1.0000000000
389	321.1210021973	153.7180023193	424.3250122070	0.1379792690	0.0000000000	23.0000000000	1.0000000000
389	311.8559875488	157.3110046387	424.2539978027	0.1379792690	0.0000000000	23.0000000000	1.0000000000
390	317.8139953613	151.0269927979	426.9110107422	0.0618032217	0.0000000000	23.0000000000	1.0000000000
390	313.7810058594	144.2790069580	431.3150024414	0.1329158545	0.0000000000	23.0000000000	1.0000000000
391	313.7810058594	144.2790069580	431.3150024414	0.1329158545	0.0000000000	23.0000000000	1.0000000000
391	312.7399902344	140.5359954834	436.5889892578	0.0937893987	0.0000000000	23.0000000000	1.0000000000
392	312.7399902344	140.5359954834	436.5889892578	0.0937893987	0.0000000000	23.0000000000	1.0000000000
392	311.8540039062	134.3390045166	440.8900146484	0.1253563762	0.0000000000	23.0000000000	1.0000000000
393	311.8540039062	134.3390045166	440.8900146484	0.1253563762	0.0000000000	23.0000000000	1.0000000000
393	309.7090148926	128.5339965820	451.3670043945	0.1783864498	0.0000000000	23.0000000000	1.0000000000
394	309.7090148926	128.5339965820	451.3670043945	0.1783864498	0.0000000000	23.0000000000	1.0000000000
394	307.7529907227	125.9329986572	457.5499877930	0.1012874842	0.0000000000	23.0000000000	1.0000000000
395	307.7529907227	125.9329986572	457.5499877930	0.1012874842	0.0000000000	23.0000000000	1.0000000000
395	307.2300109863	120.3990020752	464.6820068359	0.1370401382	0.0000000000	23.0000000000	1.0000000000
396	307.2300109863	120.3990020752	464.6820068359	0.1370401382	0.0000000000	23.0000000000	1.0000000000
396	303.5010070801	113.7600021362	475.0490112305	0.1934248209	0.0000000000	23.0000000000	1.0000000000
397	303.5010070801	113.7600021362	475.0490112305	0.1934248209	0.0000000000	23.0000000000	1.0000000000
397	303.7980041504	111.1770019531	477.5010070801	0.0566769540	0.0000000000	23.0000000000	1.0000000000
398	303.7980041504	111.1770019531	477.5010070801	0.0566769540	0.0000000000	88.0000000000	1.0000000000
398	299.7950134277	108.1900024414	482.5809936523	0.1604881585	0.0000000000	88.0000000000	1.0000000000
399	516.4400024414	607.0310058594	360.5140075684	0.2320152521	0.0000000000	6.0000000000	0.0000000000
399	506.7070007324	615.1539916992	360.9549865723	0.2320152521	0.0000000000	6.0000000000	0.0000000000
400	506.7070007324	615.1539916992	360.9549865723	0.2320152521	0.0000000000	6.0000000000	0.0000000000
400	497.4129943848	623.1250000000	361.3760070801	0.2241119146	0.0000000000	6.0000000000	0.0000000000
401	497.4129943848	623.1250000000	361.3760070801	0.2241119146	0.0000000000	6.0000000000	0.0000000000
401	488.1189880371	631.0969848633	361.7969970703	0.2241238356	0.0000000000	6.0000000000	0.0000000000
402	488.1189880371	631.0969848633	361.7969970703	0.2241238356	0.0000000000	6.0000000000	0.0000000000
402	479.0090026855	638.9520263672	362.2090148926	0.2201828957	0.0000000000	6.0000000000	0.0000000000
403	479.0090026855	638.9520263672	362.2090148926	0.2201828957	0.0000000000	6.0000000000	0.0000000000
403	469.8999938965	646.8070068359	362.6210021973	0.2201686502	0.0000000000	6.0000000000	0.0000000000
404	469.8999938965	646.8070068359	362.6210021973	0.2201686502	0.0000000000	6.0000000000	0.0000000000
404	460.7640075684	654.4790039062	363.0339965820	0.2183498442	0.0000000000	6.0000000000	0.0000000000
405	460.7640075684	654.4790039062	363.0339965820	0.2183498442	0.0000000000	6.0000000000	0.0000000000
405	451.6289978027	662.1510009766	363.4479980469	0.1636178493	0.0000000000	90.0000000000	0.0000000000
406	460.7640075684	654.4790039062	363.0339965820	0.2183498442	0.0000000000	6.0000000000	0.0000000000
406	450.1170043945	662.6610107422	360.4880065918	0.2984571755	0.0000000000	91.0000000000	0.0000000000
407	451.6289978027	662.1510009766	363.4479980469	0.1636178493	0.0000000000	90.0000000000	0.0000000000
407	442.3779907227	669.4299926758	363.8670043945	0.1702426672	0.0000000000	92.0000000000	1.0000000000
408	442.3779907227	669.4299926758	363.8670043945	0.1702426672	0.0000000000	92.0000000000	1.0000000000
408	433.1270141602	676.7089843750	364.2850036621	0.2153872252	0.0000000000	93.0000000000	1.0000000000
409	433.1270141602	676.7089843750	364.2850036621	0.2153872252	0.0000000000	93.0000000000	1.0000000000
409	424.1740112305	683.4450073242	364.6900024414	0.2049675584	0.0000000000	93.0000000000	1.0000000000
410	424.1740112305	683.4450073242	364.6900024414	0.2049675584	0.0000000000	93.0000000000	1.0000000000
410	415.2200012207	690.1820068359	365.0960083008	0.2049877942	0.0000000000	94.0000000000	1.0000000000
411	424.1740112305	683.4450073242	364.6900024414	0.2049675584	0.0000000000	93.0000000000	1.0000000000
411	426.2309875488	690.6989746094	374.3599853516	0.1858475208	0.0000000000	95.0000000000	1.0000000000
412	415.2200012207	690.1820068359	365.0960083008	0.2049877942	0.0000000000	94.0000000000	1.0000000000
412	407.2990112305	696.5889892578	365.4540100098	0.1864333451	0.0000000000	94.0000000000	1.0000000000
413	407.2990112305	696.5889892578	365.4540100098	0.1864333451	0.0000000000	94.0000000000	1.0000000000
413	399.3779907227	702.9959716797	365.8129882812	0.1397353411	0.0000000000	94.0000000000	0.0000000000
414	399.3779907227	702.9959716797	365.8129882812	0.1397353411	0.0000000000	94.0000000000	0.0000000000
414	393.3829956055	708.7399902344	366.0840148926	0.1138680577	0.0000000000	94.0000000000	0.0000000000
415	393.3829956055	708.7399902344	366.0840148926	0.1138680577	0.0000000000	94.0000000000	0.0000000000
415	387.3880004883	714.4840087891	366.3559875488	0.1063399315	0.0000000000	94.0000000000	1.0000000000
416	387.3880004883	714.4840087891	366.3559875488	0.1063399315	0.0000000000	94.0000000000	1.0000000000
416	377.9809875488	724.7009887695	366.7810058594	0.1904583871	0.0000000000	96.0000000000	0.0000000000
417	387.3880004883	714.4840087891	366.3559875488	0.1063399315	0.0000000000	94.0000000000	1.0000000000
417	386.5190124512	711.7520141602	373.2560119629	0.1063399315	0.0000000000	97.0000000000	1.0000000000
418	377.9809875488	724.7009887695	366.7810058594	0.1904583871	0.0000000000	96.0000000000	0.0000000000
418	372.6650085449	726.4849853516	366.2659912109	0.0813944787	0.0000000000	96.0000000000	0.0000000000
419	372.6650085449	726.4849853516	366.2659912109	0.0813944787	0.0000000000	96.0000000000	0.0000000000
419	365.4779968262	739.9199829102	367.3469848633	0.1358828545	0.0000000000	96.0000000000	1.0000000000
420	365.4779968262	739.9199829102	367.3469848633	0.1358828545	0.0000000000	96.0000000000	1.0000000000
420	365.8070068359	738.2249755859	377.0310058594	0.1358828545	0.0000000000	96.0000000000	1.0000000000
421	365.8070068359	738.2249755859	377.0310058594	0.1358828545	0.0000000000	96.0000000000	1.0000000000
421	367.6700134277	738.0720214844	381.4989929199	0.0689603090	0.0000000000	96.0000000000	1.0000000000
422	367.6700134277	738.0720214844	381.4989929199	0.0689603090	0.0000000000	96.0000000000	1.0000000000
422	369.1250000000	736.0729980469	390.6919860840	0.1327289343	0.0000000000	96.0000000000	1.0000000000
423	369.1250000000	736.0729980469	390.6919860840	0.1327289343	0.0000000000	96.0000000000	1.0000000000
423	369.5840148926	736.7150268555	400.2839965820	0.1321479082	0.0000000000	96.0000000000	1.0000000000
424	369.5840148926	736.7150268555	400.2839965820	0.1321479082	0.0000000000	96.0000000000	1.0000000000
424	370.7720031738	737.6989746094	411.2090148926	0.1509622931	0.0000000000	96.0000000000	1.0000000000
425	370.7720031738	737.6989746094	411.2090148926	0.1509622931	0.0000000000	96.0000000000	1.0000000000
425	371.6229858398	737.4169921875	417.6499938965	0.0816342235	0.0000000000	96.0000000000	1.0000000000
426	371.6229858398	737.4169921875	417.6499938965	0.0816342235	0.0000000000	96.0000000000	1.0000000000
426	372.6679992676	733.2659912109	425.7680053711	0.0720055103	0.0000000000	96.0000000000	1.0000000000
427	372.6679992676	733.2659912109	425.7680053711	0.0720055103	0.0000000000	96.0000000000	1.0000000000
427	373.8380126953	732.2440185547	428.8519897461	0.0355166197	0.0000000000	96.0000000000	1.0000000000
428	373.8380126953	732.2440185547	428.8519897461	0.0355166197	0.0000000000	96.0000000000	1.0000000000
428	371.9920043945	731.7849731445	435.7030029297	0.0926196575	0.0000000000	96.0000000000	1.0000000000
429	371.9920043945	731.7849731445	435.7030029297	0.0926196575	0.0000000000	96.0000000000	1.0000000000
429	371.5199890137	732.6119995117	445.4590148926	0.1346791983	0.0000000000	96.0000000000	1.0000000000
430	371.5199890137	732.6119995117	445.4590148926	0.1346791983	0.0000000000	96.0000000000	1.0000000000
430	371.6449890137	732.8859863281	453.2900085449	0.1074615419	0.0000000000	96.0000000000	1.0000000000
431	371.6449890137	732.8859863281	453.2900085449	0.1074615419	0.0000000000	96.0000000000	1.0000000000
431	373.2735900879	733.8356933594	466.0287170410	0.1774673760	0.0000000000	98.0000000000	1.0000000000
432	441.2420043945	589.0999755859	404.7709960938	0.1173653603	0.0000000000	28.0000000000	1.0000000000
432	435.5610046387	598.1010131836	406.4389953613	0.1387038231	0.0000000000	28.0000000000	1.0000000000
433	435.5610046387	598.1010131836	406.4389953613	0.1006169319	0.0000000000	28.0000000000	1.0000000000
433	428.8619995117	609.8980102539	408.0280151367	0.0555350780	0.0000000000	99.0000000000	1.0000000000
434	435.5610046387	598.1010131836	406.4389953613	0.1006169319	0.0000000000	28.0000000000	1.0000000000
434	431.6300048828	586.0109863281	405.5539855957	0.1825618744	0.0000000000	100.0000000000	1.0000000000
435	428.8619995117	609.8980102539	408.0280151367	0.0555350780	0.0000000000	99.0000000000	1.0000000000
435	425.8009948730	616.7410278320	409.0910034180	0.1017630100	0.0000000000	99.0000000000	1.0000000000
436	425.8009948730	616.7410278320	409.0910034180	0.1017630100	0.0000000000	99.0000000000	1.0000000000
436	420.3099975586	628.9749755859	411.3989868164	0.0732836723	0.0000000000	99.0000000000	1.0000000000
437	420.3099975586	628.9749755859	411.3989868164	0.0732836723	0.0000000000	99.0000000000	1.0000000000
437	415.5020141602	637.6079711914	412.0570068359	0.0805466175	0.0000000000	99.0000000000	1.0000000000
438	415.5020141602	637.6079711914	412.0570068359	0.0805466175	0.0000000000	99.0000000000	1.0000000000
438	414.6449890137	648.6279907227	413.2720031738	0.0880088806	0.0000000000	99.0000000000	1.0000000000
439	414.6449890137	648.6279907227	413.2720031738	0.0880088806	0.0000000000	99.0000000000	1.0000000000
439	413.9939880371	660.5839843750	414.8099975586	0.0754129887	0.0000000000	101.0000000000	1.0000000000
440	414.6449890137	648.6279907227	413.2720031738	0.0880088806	0.0000000000	99.0000000000	1.0000000000
440	422.5809936523	661.2290039062	413.7340087891	0.2010595798	0.0000000000	102.0000000000	0.0000000000
441	413.9939880371	660.5839843750	414.8099975586	0.0754129887	0.0000000000	101.0000000000	1.0000000000
441	407.3450012207	668.0159912109	416.2489929199	0.0948152542	0.0000000000	101.0000000000	1.0000000000
442	407.3450012207	668.0159912109	416.2489929199	0.0948152542	0.0000000000	101.0000000000	1.0000000000
442	401.8399963379	679.7700195312	417.2850036621	0.0949921608	0.0000000000	101.0000000000	1.0000000000
443	401.8399963379	679.7700195312	417.2850036621	0.0949921608	0.0000000000	101.0000000000	1.0000000000
443	395.7489929199	690.4349975586	419.3859863281	0.0848574638	0.0000000000	103.0000000000	1.0000000000
444	395.7489929199	690.4349975586	419.3859863281	0.0848574638	0.0000000000	103.0000000000	1.0000000000
444	387.8909912109	701.1459960938	421.2109985352	0.0000000000	0.0000000000	104.0000000000	-1.0000000000
445	387.8909912109	701.1459960938	421.2109985352	0.1712959409	0.0000000000	104.0000000000	1.0000000000
445	386.3399963379	704.8189697266	423.4030151367	0.0544432402	0.0000000000	104.0000000000	1.0000000000
446	386.3399963379	704.8189697266	423.4030151367	0.0544432402	0.0000000000	104.0000000000	1.0000000000
446	384.2369995117	711.8439941406	428.8729858398	0.1298213601	0.0000000000	104.0000000000	1.0000000000
447	384.2369995117	711.8439941406	428.8729858398	0.1298213601	0.0000000000	104.0000000000	1.0000000000
447	383.9530029297	714.4719848633	435.7950134277	0.1024577022	0.0000000000	104.0000000000	1.0000000000
448	383.9530029297	714.4719848633	435.7950134277	0.1024577022	0.0000000000	104.0000000000	1.0000000000
448	382.0570068359	721.0419921875	442.3200073242	0.1495804489	0.0000000000	104.0000000000	1.0000000000
449	382.0570068359	721.0419921875	442.3200073242	0.1495804489	0.0000000000	104.0000000000	1.0000000000
449	381.2969970703	724.0070190430	448.6130065918	0.1007544696	0.0000000000	104.0000000000	1.0000000000
450	381.2969970703	724.0070190430	448.6130065918	0.1007544696	0.0000000000	104.0000000000	1.0000000000
450	378.8110046387	727.6489868164	456.2409973145	0.1288798600	0.0000000000	104.0000000000	1.0000000000
451	378.8110046387	727.6489868164	456.2409973145	0.1288798600	0.0000000000	98.0000000000	1.0000000000
451	373.2735900879	733.8356933594	466.0287170410	0.1968199462	0.0000000000	98.0000000000	1.0000000000
452	616.4550170898	594.0499877930	353.5799865723	0.2917521000	0.0000000000	2.0000000000	0.0000000000
452	626.1010131836	606.4559936523	352.6860046387	0.3297624588	0.0000000000	2.0000000000	0.0000000000
453	626.1010131836	606.4559936523	352.6860046387	0.3297624588	0.0000000000	2.0000000000	0.0000000000
453	634.0609741211	619.8309936523	351.7409973145	0.3270878196	0.0000000000	2.0000000000	0.0000000000
454	634.0609741211	619.8309936523	351.7409973145	0.3270878196	0.0000000000	2.0000000000	0.0000000000
454	639.4310302734	624.8200073242	354.9479980469	0.1973600835	0.0000000000	2.0000000000	0.0000000000
455	147.0959930420	300.8099975586	462.1950073242	0.2946023941	0.0000000000	65.0000000000	0.0000000000
455	149.7469940186	291.7969970703	463.3410034180	0.1867444515	0.0000000000	65.0000000000	0.0000000000
456	149.7469940186	291.7969970703	463.3410034180	0.1867444515	0.0000000000	65.0000000000	0.0000000000
456	154.1380004883	282.1990051270	465.3770141602	0.2070634365	0.0000000000	65.0000000000	0.0000000000
457	154.1380004883	282.1990051270	465.3770141602	0.2070634365	0.0000000000	65.0000000000	0.0000000000
457	157.2420043945	271.8479919434	466.3059997559	0.2166439295	0.0000000000	65.0000000000	0.0000000000
458	157.2420043945	271.8479919434	466.3059997559	0.2166439295	0.0000000000	65.0000000000	0.0000000000
458	159.3370056152	265.0899963379	468.8389892578	0.1802844107	0.0000000000	105.0000000000	1.0000000000
459	159.3370056152	265.0899963379	468.8389892578	0.1802844107	0.0000000000	105.0000000000	1.0000000000
459	161.7500000000	256.3649902344	468.4440002441	0.1705870330	0.0000000000	106.0000000000	1.0000000000
460	161.7500000000	256.3649902344	468.4440002441	0.1705870330	0.0000000000	106.0000000000	1.0000000000
460	164.4049987793	242.9389953613	467.8290100098	0.2858977318	0.0000000000	106.0000000000	0.0000000000
461	164.4049987793	242.9389953613	467.8290100098	0.2858977318	0.0000000000	106.0000000000	0.0000000000
461	167.9360046387	230.3350067139	467.9129943848	0.2685592175	0.0000000000	106.0000000000	0.0000000000
462	167.9360046387	230.3350067139	467.9129943848	0.2685592175	0.0000000000	106.0000000000	0.0000000000
462	169.3930053711	223.8789978027	469.5929870605	0.1288825274	0.0000000000	106.0000000000	0.0000000000
463	169.3930053711	223.8789978027	469.5929870605	0.1288825274	0.0000000000	106.0000000000	0.0000000000
463	173.9960021973	211.0800018311	471.7409973145	0.2684065700	0.0000000000	106.0000000000	0.0000000000
464	173.9960021973	211.0800018311	471.7409973145	0.2684065700	0.0000000000	106.0000000000	0.0000000000
464	177.8750000000	197.2050018311	472.0910034180	0.2939125896	0.0000000000	106.0000000000	0.0000000000
465	177.8750000000	197.2050018311	472.0910034180	0.2939125896	0.0000000000	106.0000000000	0.0000000000
465	180.4329986572	186.7220001221	471.1000061035	0.2295918316	0.0000000000	106.0000000000	0.0000000000
466	435.8859863281	574.8209838867	380.5020141602	0.3831195831	0.0000000000	26.0000000000	0.0000000000
466	420.3800048828	577.6400146484	379.3980102539	0.3324065208	0.0000000000	26.0000000000	0.0000000000
467	420.3800048828	577.6400146484	379.3980102539	0.3324065208	0.0000000000	26.0000000000	0.0000000000
467	408.3439941406	578.4669799805	378.8169860840	0.2523266077	0.0000000000	26.0000000000	0.0000000000
468	408.3439941406	578.4669799805	378.8169860840	0.2523266077	0.0000000000	26.0000000000	0.0000000000
468	392.0390014648	580.7189941406	378.4179992676	0.3412649632	0.0000000000	26.0000000000	0.0000000000
469	392.0390014648	580.7189941406	378.4179992676	0.3412649632	0.0000000000	26.0000000000	0.0000000000
469	382.8460083008	579.9619750977	379.8519897461	0.1821077764	0.0000000000	26.0000000000	0.0000000000
470	382.8460083008	579.9619750977	379.8519897461	0.1821077764	0.0000000000	26.0000000000	0.0000000000
470	368.0039978027	582.9650268555	380.1220092773	0.3095507920	0.0000000000	26.0000000000	0.0000000000
471	677.7760009766	431.5769958496	258.7709960938	0.1555688381	0.0000000000	23.0000000000	0.0000000000
471	679.8489990234	419.7600097656	262.0910034180	0.2089616060	0.0000000000	23.0000000000	0.0000000000
472	679.8489990234	419.7600097656	262.0910034180	0.2089616060	0.0000000000	23.0000000000	0.0000000000
472	680.9450073242	410.6099853516	264.3880004883	0.1701222658	0.0000000000	23.0000000000	0.0000000000
473	617.5599975586	385.9490051270	260.4479980469	0.2111586332	0.0000000000	23.0000000000	0.0000000000
473	616.5679931641	395.9800109863	259.1300048828	0.1542414725	0.0000000000	23.0000000000	0.0000000000
474	616.5679931641	395.9800109863	259.1300048828	0.1542414725	0.0000000000	23.0000000000	0.0000000000
474	616.3449707031	399.5549926758	262.4859924316	0.0573607683	0.0000000000	23.0000000000	0.0000000000
475	616.3449707031	399.5549926758	262.4859924316	0.0573607683	0.0000000000	23.0000000000	0.0000000000
475	618.2819824219	405.3190002441	267.4100036621	0.1158637553	0.0000000000	23.0000000000	0.0000000000
476	618.2819824219	405.3190002441	267.4100036621	0.1158637553	0.0000000000	23.0000000000	0.0000000000
476	619.0599975586	410.9469909668	274.2149963379	0.1345344931	0.0000000000	23.0000000000	0.0000000000
477	248.9239959717	321.7109985352	414.1709899902	0.1710045338	0.0000000000	54.0000000000	0.0000000000
477	236.8800048828	314.4530029297	416.4370117188	0.1581902504	0.0000000000	54.0000000000	1.0000000000
478	236.8800048828	314.4530029297	416.4370117188	0.1581902504	0.0000000000	54.0000000000	1.0000000000
478	224.2030029297	310.0690002441	417.3909912109	0.2007664442	0.0000000000	107.0000000000	0.0000000000
479	236.8800048828	314.4530029297	416.4370117188	0.1581902504	0.0000000000	56.0000000000	1.0000000000
479	234.3609924316	324.7760009766	414.8450012207	0.1581902504	0.0000000000	56.0000000000	1.0000000000
480	224.2030029297	310.0690002441	417.3909912109	0.2007664442	0.0000000000	107.0000000000	0.0000000000
480	219.7799987793	306.1300048828	417.6220092773	0.0834042430	0.0000000000	108.0000000000	0.0000000000
481	224.2030029297	310.0690002441	417.3909912109	0.2007664442	0.0000000000	107.0000000000	0.0000000000
481	229.4839935303	299.1279907227	417.9609985352	0.2003099322	0.0000000000	109.0000000000	1.0000000000
482	219.7799987793	306.1300048828	417.6220092773	0.0834042430	0.0000000000	108.0000000000	0.0000000000
482	208.2850036621	297.9960021973	418.9070129395	0.2037432790	0.0000000000	108.0000000000	0.0000000000
483	208.2850036621	297.9960021973	418.9070129395	0.2037432790	0.0000000000	108.0000000000	0.0000000000
483	204.4810028076	297.0339965820	416.5119934082	0.0955042243	0.0000000000	108.0000000000	0.0000000000
484	204.4810028076	297.0339965820	416.5119934082	0.0955042243	0.0000000000	108.0000000000	0.0000000000
484	200.4179992676	295.3880004883	414.9240112305	0.0966800451	0.0000000000	108.0000000000	0.0000000000
485	200.4179992676	295.3880004883	414.9240112305	0.0966800451	0.0000000000	108.0000000000	0.0000000000
485	195.8399963379	291.7349853516	410.5530090332	0.1764594316	0.0000000000	108.0000000000	0.0000000000
486	195.8399963379	291.7349853516	410.5530090332	0.1764594316	0.0000000000	108.0000000000	0.0000000000
486	187.8710021973	288.3489990234	405.3299865723	0.2436253428	0.0000000000	108.0000000000	0.0000000000
487	462.5180053711	360.1210021973	281.5079956055	0.0231258273	0.0000000000	23.0000000000	0.0000000000
487	463.8450012207	367.8980102539	283.3659973145	0.0131428242	0.0000000000	23.0000000000	0.0000000000
488	463.8450012207	367.8980102539	283.3659973145	0.0131428242	0.0000000000	23.0000000000	0.0000000000
488	458.1140136719	367.5260009766	282.2720031738	0.1053857803	0.0000000000	23.0000000000	0.0000000000
489	458.1140136719	367.5260009766	282.2720031738	0.1053857803	0.0000000000	23.0000000000	0.0000000000
489	442.1870117188	379.0910034180	281.5740051270	0.3175554276	0.0000000000	23.0000000000	0.0000000000
490	442.1870117188	379.0910034180	281.5740051270	0.3175554276	0.0000000000	23.0000000000	0.0000000000
490	438.7139892578	381.6440124512	284.9309997559	0.0754404515	0.0000000000	23.0000000000	0.0000000000
491	184.5749969482	331.3789978027	418.8980102539	0.1742703915	0.0000000000	64.0000000000	0.0000000000
491	177.3809967041	339.5820007324	419.8290100098	0.1497067213	0.0000000000	64.0000000000	0.0000000000
492	177.3809967041	339.5820007324	419.8290100098	0.1497067213	0.0000000000	64.0000000000	0.0000000000
492	164.8260040283	349.3429870605	419.9540100098	0.2192562819	0.0000000000	64.0000000000	0.0000000000
493	164.8260040283	349.3429870605	419.9540100098	0.2192562819	0.0000000000	64.0000000000	0.0000000000
493	155.6849975586	355.0530090332	420.2619934082	0.1471957564	0.0000000000	64.0000000000	0.0000000000
494	155.6849975586	355.0530090332	420.2619934082	0.1471957564	0.0000000000	64.0000000000	0.0000000000
494	145.0440063477	359.8760070801	419.8869934082	0.1771065742	0.0000000000	64.0000000000	0.0000000000
495	145.0440063477	359.8760070801	419.8869934082	0.1771065742	0.0000000000	64.0000000000	0.0000000000
495	139.1069946289	363.0950012207	420.0029907227	0.1016717404	0.0000000000	64.0000000000	0.0000000000
496	368.1709899902	350.7560119629	368.9519958496	0.1902971268	0.0000000000	81.0000000000	0.0000000000
496	367.0729980469	355.9930114746	367.2749938965	0.2841508389	0.0000000000	81.0000000000	1.0000000000
497	367.0729980469	355.9930114746	367.2749938965	0.2841508389	0.0000000000	81.0000000000	1.0000000000
497	367.1069946289	358.8190002441	367.1010131836	0.0297060013	0.0000000000	110.0000000000	1.0000000000
498	367.0729980469	355.9930114746	367.2749938965	0.2841508389	0.0000000000	47.0000000000	1.0000000000
498	374.7799987793	344.2300109863	368.0719909668	0.2841508389	0.0000000000	47.0000000000	1.0000000000
499	367.1069946289	358.8190002441	367.1010131836	0.0297060013	0.0000000000	76.0000000000	1.0000000000
499	377.0910034180	365.1310119629	366.8219909668	0.1224231720	0.0000000000	76.0000000000	1.0000000000
500	377.1010131836	371.7120056152	365.3680114746	0.0742704868	0.0000000000	75.0000000000	1.0000000000
500	380.6350097656	377.2049865723	366.4530029297	0.2342177927	0.0000000000	75.0000000000	1.0000000000
501	379.4410095215	391.2109985352	366.7160034180	0.1436357200	0.0000000000	77.0000000000	1.0000000000
501	379.3900146484	405.0100097656	366.7179870605	0.1418555230	0.0000000000	77.0000000000	1.0000000000
502	379.3900146484	405.0100097656	366.7179870605	0.1418555230	0.0000000000	74.0000000000	1.0000000000
502	379.7879943848	411.7850036621	366.7000122070	0.0698325634	0.0000000000	74.0000000000	1.0000000000
503	379.3900146484	405.0100097656	366.7179870605	0.1418555230	0.0000000000	72.0000000000	1.0000000000
503	385.5989990234	410.9869995117	366.4370117188	0.1792224795	0.0000000000	72.0000000000	1.0000000000
504	379.7879943848	411.7850036621	366.7000122070	0.0698325634	0.0000000000	74.0000000000	1.0000000000
504	380.2189941406	422.5190124512	365.3649902344	0.1158647537	0.0000000000	111.0000000000	1.0000000000
505	380.2189941406	422.5190124512	365.3649902344	0.1158647537	0.0000000000	111.0000000000	1.0000000000
505	383.6000061035	424.8500061035	366.5270080566	0.0398943424	0.0000000000	111.0000000000	1.0000000000
506	383.6000061035	424.8500061035	366.5270080566	0.0398943424	0.0000000000	111.0000000000	1.0000000000
506	394.7789916992	428.9240112305	366.0209960938	0.2483291775	0.0000000000	112.0000000000	0.0000000000
507	383.6000061035	424.8500061035	366.5270080566	0.0398943424	0.0000000000	111.0000000000	1.0000000000
507	384.3930053711	437.7550048828	366.4909973145	0.1330444813	0.0000000000	113.0000000000	1.0000000000
508	394.7789916992	428.9240112305	366.0209960938	0.2483291775	0.0000000000	112.0000000000	0.0000000000
508	401.4974975586	429.2404785156	365.7169799805	0.1866625398	0.0000000000	112.0000000000	0.0000000000
509	443.0790100098	525.6129760742	363.8349914551	0.1727765799	0.0000000000	41.0000000000	0.0000000000
509	434.2120056152	538.2119750977	364.7090148926	0.3112922907	0.0000000000	41.0000000000	0.0000000000
510	434.2120056152	538.2119750977	364.7090148926	0.3112922907	0.0000000000	41.0000000000	0.0000000000
510	424.0159912109	549.1359863281	366.3439941406	0.2978720069	0.0000000000	41.0000000000	0.0000000000
511	424.0159912109	549.1359863281	366.3439941406	0.2978720069	0.0000000000	41.0000000000	0.0000000000
511	414.5520019531	560.9359741211	366.9360046387	0.3071951270	0.0000000000	41.0000000000	0.0000000000
512	414.5520019531	560.9359741211	366.9360046387	0.3071951270	0.0000000000	41.0000000000	0.0000000000
512	405.5480041504	569.8250122070	365.1069946289	0.2753897309	0.0000000000	41.0000000000	0.0000000000
513	405.5480041504	569.8250122070	365.1069946289	0.2753897309	0.0000000000	41.0000000000	0.0000000000
513	402.1279907227	575.6290283203	365.1459960938	0.1382488608	0.0000000000	41.0000000000	0.0000000000
514	492.0870056152	594.3850097656	363.0939941406	0.2098515034	0.0000000000	9.0000000000	0.0000000000
514	496.1579895020	584.0050048828	362.5539855957	0.2332212925	0.0000000000	9.0000000000	0.0000000000
515	496.1579895020	584.0050048828	362.5539855957	0.2332212925	0.0000000000	9.0000000000	0.0000000000
515	501.5329895020	571.7819824219	361.1900024414	0.2318043709	0.0000000000	9.0000000000	1.0000000000
516	501.5329895020	571.7819824219	361.1900024414	0.2318043709	0.0000000000	9.0000000000	1.0000000000
516	506.2850036621	560.7440185547	360.7850036621	0.2500072122	0.0000000000	114.0000000000	0.0000000000
517	501.5329895020	571.7819824219	361.1900024414	0.2318043709	0.0000000000	9.0000000000	1.0000000000
517	496.2369995117	561.2839965820	363.1099853516	0.2318043709	0.0000000000	115.0000000000	1.0000000000
518	506.2850036621	560.7440185547	360.7850036621	0.2500072122	0.0000000000	114.0000000000	0.0000000000
518	509.4700012207	551.0200195312	361.4469909668	0.2062904239	0.0000000000	114.0000000000	0.0000000000
519	509.4700012207	551.0200195312	361.4469909668	0.2062904239	0.0000000000	114.0000000000	0.0000000000
519	514.1909790039	540.2429809570	360.6159973145	0.2482140064	0.0000000000	114.0000000000	0.0000000000
520	514.1909790039	540.2429809570	360.6159973145	0.2482140064	0.0000000000	114.0000000000	0.0000000000
520	520.2199707031	532.4130249023	360.3439941406	0.2051290125	0.0000000000	114.0000000000	0.0000000000
521	520.2199707031	532.4130249023	360.3439941406	0.2051290125	0.0000000000	114.0000000000	0.0000000000
521	524.0089721680	522.6510009766	360.1719970703	0.2165146023	0.0000000000	114.0000000000	0.0000000000
522	384.3930053711	437.7550048828	366.4909973145	0.1330444813	0.0000000000	113.0000000000	1.0000000000
522	391.5199890137	442.1839904785	366.1679992676	0.0874354839	0.0000000000	116.0000000000	1.0000000000
523	391.5199890137	442.1839904785	366.1679992676	0.0874354839	0.0000000000	116.0000000000	1.0000000000
523	397.3039855957	445.0979919434	365.9070129395	0.2259781808	0.0000000000	117.0000000000	1.0000000000
524	397.3039855957	445.0979919434	365.9070129395	0.2259781808	0.0000000000	117.0000000000	1.0000000000
524	397.9169921875	454.1340026855	365.8789978027	0.0932049751	0.0000000000	118.0000000000	1.0000000000
525	397.9169921875	454.1340026855	365.8789978027	0.0932049751	0.0000000000	118.0000000000	1.0000000000
525	407.3729858398	460.5499877930	364.7579956055	0.1218831539	0.0000000000	118.0000000000	1.0000000000
526	407.3729858398	460.5499877930	364.7579956055	0.1218831539	0.0000000000	118.0000000000	1.0000000000
526	410.7109985352	465.8059997559	364.3059997559	0.0657281876	0.0000000000	118.0000000000	1.0000000000
527	410.7109985352	465.8059997559	364.3059997559	0.0657281876	0.0000000000	118.0000000000	1.0000000000
527	408.0100097656	476.9140014648	363.2720031738	0.2430938482	0.0000000000	119.0000000000	1.0000000000
528	410.7109985352	465.8059997559	364.3059997559	0.0657281876	0.0000000000	118.0000000000	1.0000000000
528	410.3510131836	474.7980041504	367.8429870605	0.1745705605	0.0000000000	120.0000000000	1.0000000000
529	408.0100097656	476.9140014648	363.2720031738	0.2430938482	0.0000000000	119.0000000000	1.0000000000
529	407.8569946289	483.9649963379	363.5799865723	0.1430376768	0.0000000000	119.0000000000	1.0000000000
530	407.8569946289	483.9649963379	363.5799865723	0.1430376768	0.0000000000	119.0000000000	1.0000000000
530	405.3510131836	494.6019897461	365.9519958496	0.2136707306	0.0000000000	119.0000000000	1.0000000000
531	405.3510131836	494.6019897461	365.9519958496	0.2136707306	0.0000000000	119.0000000000	1.0000000000
531	399.9349975586	506.7080078125	368.2890014648	0.2608717382	0.0000000000	119.0000000000	1.0000000000
532	399.9349975586	506.7080078125	368.2890014648	0.2608717382	0.0000000000	119.0000000000	1.0000000000
532	394.9519958496	520.5360107422	366.8880004883	0.3131876290	0.0000000000	119.0000000000	1.0000000000
533	394.9519958496	520.5360107422	366.8880004883	0.3131876290	0.0000000000	119.0000000000	1.0000000000
533	393.1839904785	531.1430053711	366.1809997559	0.2264231443	0.0000000000	119.0000000000	0.0000000000
534	393.1839904785	531.1430053711	366.1809997559	0.2264231443	0.0000000000	119.0000000000	0.0000000000
534	391.1960144043	542.9429931641	366.8619995117	0.2417703867	0.0000000000	119.0000000000	0.0000000000
535	391.1960144043	542.9429931641	366.8619995117	0.2417703867	0.0000000000	119.0000000000	0.0000000000
535	385.8670043945	555.6859741211	366.3599853516	0.2876257896	0.0000000000	119.0000000000	0.0000000000
536	219.3699951172	323.2120056152	418.5769958496	0.0656540394	0.0000000000	107.0000000000	0.0000000000
536	224.2030029297	310.0690002441	417.3909912109	0.2007664442	0.0000000000	107.0000000000	0.0000000000
537	229.4839935303	299.1279907227	417.9609985352	0.2003099322	0.0000000000	109.0000000000	1.0000000000
537	234.8159942627	287.7309875488	418.6619873047	0.1691372991	0.0000000000	121.0000000000	0.0000000000
538	229.4839935303	299.1279907227	417.9609985352	0.2003099322	0.0000000000	109.0000000000	1.0000000000
538	234.0070037842	310.4259948730	415.3869934082	0.2003099322	0.0000000000	122.0000000000	1.0000000000
539	234.8159942627	287.7309875488	418.6619873047	0.1691372991	0.0000000000	121.0000000000	0.0000000000
539	238.3339996338	278.8720092773	418.6119995117	0.1379731297	0.0000000000	121.0000000000	0.0000000000
540	238.3339996338	278.8720092773	418.6119995117	0.1379731297	0.0000000000	121.0000000000	0.0000000000
540	245.7169952393	267.6560058594	418.6929931641	0.1977654696	0.0000000000	121.0000000000	0.0000000000
541	245.7169952393	267.6560058594	418.6929931641	0.1977654696	0.0000000000	121.0000000000	0.0000000000
541	252.1779937744	255.3410034180	420.1390075684	0.1265785694	0.0000000000	121.0000000000	1.0000000000
542	252.1779937744	255.3410034180	420.1390075684	0.1265785694	0.0000000000	121.0000000000	1.0000000000
542	255.1719970703	243.4949951172	421.2009887695	0.1627062708	0.0000000000	123.0000000000	0.0000000000
543	252.1779937744	255.3410034180	420.1390075684	0.1265785694	0.0000000000	121.0000000000	1.0000000000
543	245.4790039062	261.6799926758	421.1170043945	0.1265785694	0.0000000000	124.0000000000	1.0000000000
544	255.1719970703	243.4949951172	421.2009887695	0.1627062708	0.0000000000	123.0000000000	0.0000000000
544	257.7319946289	236.8179931641	417.8469848633	0.1570958048	0.0000000000	123.0000000000	0.0000000000
545	372.7120056152	390.9469909668	289.1000061035	0.2800294161	0.0000000000	23.0000000000	0.0000000000
545	355.1210021973	397.1310119629	288.7539978027	0.2946329713	0.0000000000	23.0000000000	0.0000000000
546	355.1210021973	397.1310119629	288.7539978027	0.2946329713	0.0000000000	23.0000000000	0.0000000000
546	341.6589965820	400.2219848633	290.4700012207	0.2073764205	0.0000000000	23.0000000000	0.0000000000
547	474.2130126953	573.7529907227	355.5150146484	0.2182919979	0.0000000000	23.0000000000	0.0000000000
547	479.4339904785	586.8939819336	356.9280090332	0.2825009823	0.0000000000	23.0000000000	0.0000000000
548	479.4339904785	586.8939819336	356.9280090332	0.2825009823	0.0000000000	23.0000000000	0.0000000000
548	482.7149963379	597.2810058594	357.9440002441	0.2179787159	0.0000000000	23.0000000000	0.0000000000
549	482.7149963379	597.2810058594	357.9440002441	0.2179787159	0.0000000000	23.0000000000	0.0000000000
549	486.5029907227	610.0449829102	358.2300109863	0.2718575001	0.0000000000	23.0000000000	0.0000000000
550	486.5029907227	610.0449829102	358.2300109863	0.2718575001	0.0000000000	23.0000000000	0.0000000000
550	491.5239868164	622.3280029297	355.0650024414	0.3021833897	0.0000000000	23.0000000000	0.0000000000
551	491.5239868164	622.3280029297	355.0650024414	0.3021833897	0.0000000000	23.0000000000	0.0000000000
551	496.9370117188	631.8270263672	353.6369934082	0.2364926338	0.0000000000	23.0000000000	0.0000000000
552	496.9370117188	631.8270263672	353.6369934082	0.2364926338	0.0000000000	23.0000000000	0.0000000000
552	502.2770080566	645.8380126953	352.5740051270	0.3163543940	0.0000000000	23.0000000000	0.0000000000
553	502.2770080566	645.8380126953	352.5740051270	0.3163543940	0.0000000000	23.0000000000	0.0000000000
553	506.3940124512	658.6599731445	352.5249938965	0.2772280574	0.0000000000	23.0000000000	0.0000000000
554	506.3940124512	658.6599731445	352.5249938965	0.2772280574	0.0000000000	23.0000000000	0.0000000000
554	507.3269958496	663.8410034180	353.6090087891	0.1030825227	0.0000000000	23.0000000000	0.0000000000
555	507.3269958496	663.8410034180	353.6090087891	0.1030825227	0.0000000000	23.0000000000	0.0000000000
555	513.7139892578	673.0029907227	354.6910095215	0.2232962400	0.0000000000	23.0000000000	0.0000000000
556	462.9719848633	539.9589843750	362.9349975586	0.2544491291	0.0000000000	37.0000000000	0.0000000000
556	460.5209960938	547.8870239258	364.1279907227	0.1641991138	0.0000000000	37.0000000000	0.0000000000
557	460.5209960938	547.8870239258	364.1279907227	0.1641991138	0.0000000000	37.0000000000	0.0000000000
557	455.2669982910	560.0319824219	364.0780029297	0.2724235058	0.0000000000	37.0000000000	0.0000000000
558	455.2669982910	560.0319824219	364.0780029297	0.2724235058	0.0000000000	37.0000000000	0.0000000000
558	447.8030090332	572.9650268555	363.6210021973	0.2293594182	0.0000000000	37.0000000000	1.0000000000
559	447.8030090332	572.9650268555	363.6210021973	0.2293594182	0.0000000000	37.0000000000	1.0000000000
559	445.2799987793	583.7910156250	363.7359924316	0.1864834130	0.0000000000	125.0000000000	1.0000000000
560	445.2799987793	583.7910156250	363.7359924316	0.1864834130	0.0000000000	125.0000000000	1.0000000000
560	442.7569885254	594.6160278320	363.8500061035	0.1916909218	0.0000000000	126.0000000000	1.0000000000
561	442.7569885254	594.6160278320	363.8500061035	0.1916909218	0.0000000000	11.0000000000	1.0000000000
561	440.5629882812	607.8670043945	363.9490051270	0.1911456585	0.0000000000	11.0000000000	1.0000000000
562	442.7569885254	594.6160278320	363.8500061035	0.1916909218	0.0000000000	126.0000000000	1.0000000000
562	459.5780029297	591.7269897461	364.6159973145	0.1916909218	0.0000000000	127.0000000000	1.0000000000
563	435.3169860840	619.9320068359	363.8399963379	0.2712616324	0.0000000000	14.0000000000	0.0000000000
563	431.0409851074	632.0759887695	363.1719970703	0.2696542740	0.0000000000	14.0000000000	0.0000000000
564	431.0409851074	632.0759887695	363.1719970703	0.2696542740	0.0000000000	14.0000000000	0.0000000000
564	424.9500122070	644.0150146484	362.4899902344	0.2806109786	0.0000000000	14.0000000000	0.0000000000
565	424.9500122070	644.0150146484	362.4899902344	0.2806109786	0.0000000000	14.0000000000	0.0000000000
565	422.8959960938	653.1710205078	362.6629943848	0.2025682926	0.0000000000	14.0000000000	1.0000000000
566	422.8959960938	653.1710205078	362.6629943848	0.2025682926	0.0000000000	14.0000000000	1.0000000000
566	430.7179870605	646.3530273438	367.6679992676	0.2025682926	0.0000000000	14.0000000000	1.0000000000
567	431.3729858398	285.0679931641	341.9419860840	0.1335694194	0.0000000000	23.0000000000	1.0000000000
567	425.5700073242	282.3559875488	342.2000122070	0.1300408840	0.0000000000	23.0000000000	0.0000000000
568	425.5700073242	282.3559875488	342.2000122070	0.1300408840	0.0000000000	23.0000000000	0.0000000000
568	415.1629943848	275.0790100098	344.1679992676	0.2507307529	0.0000000000	23.0000000000	0.0000000000
569	415.1629943848	275.0790100098	344.1679992676	0.2507307529	0.0000000000	23.0000000000	0.0000000000
569	404.9639892578	268.4490051270	344.3340148926	0.2490023375	0.0000000000	23.0000000000	0.0000000000
570	404.9639892578	268.4490051270	344.3340148926	0.2490023375	0.0000000000	23.0000000000	0.0000000000
570	395.8810119629	260.6340026855	345.4270019531	0.2399003506	0.0000000000	23.0000000000	0.0000000000
571	395.8810119629	260.6340026855	345.4270019531	0.2399003506	0.0000000000	23.0000000000	0.0000000000
571	391.6170043945	255.7799987793	346.5249938965	0.1272222996	0.0000000000	23.0000000000	0.0000000000
572	391.6170043945	255.7799987793	346.5249938965	0.1272222996	0.0000000000	23.0000000000	0.0000000000
572	381.4880065918	248.6510009766	347.1960144043	0.2504492998	0.0000000000	23.0000000000	0.0000000000
573	381.4880065918	248.6510009766	347.1960144043	0.2504492998	0.0000000000	23.0000000000	0.0000000000
573	366.7680053711	239.9250030518	346.7489929199	0.3550256491	0.0000000000	23.0000000000	0.0000000000
574	366.7680053711	239.9250030518	346.7489929199	0.3550256491	0.0000000000	23.0000000000	0.0000000000
574	353.3399963379	228.4420013428	346.7049865723	0.3635833859	0.0000000000	23.0000000000	0.0000000000
575	353.3399963379	228.4420013428	346.7049865723	0.3635833859	0.0000000000	23.0000000000	0.0000000000
575	345.9960021973	217.1000061035	344.8030090332	0.2935966253	0.0000000000	23.0000000000	0.0000000000
576	345.9960021973	217.1000061035	344.8030090332	0.2935966253	0.0000000000	23.0000000000	0.0000000000
576	344.4700012207	210.3739929199	343.9779968262	0.1484741718	0.0000000000	23.0000000000	0.0000000000
577	422.5809936523	661.2290039062	413.7340087891	0.2010595798	0.0000000000	102.0000000000	0.0000000000
577	425.9039916992	676.1879882812	414.9469909668	0.2029856443	0.0000000000	102.0000000000	0.0000000000
578	425.9039916992	676.1879882812	414.9469909668	0.2029856443	0.0000000000	102.0000000000	0.0000000000
578	427.9200134277	682.2050170898	414.8980102539	0.0899524689	0.0000000000	102.0000000000	0.0000000000
579	427.9200134277	682.2050170898	414.8980102539	0.0899524689	0.0000000000	102.0000000000	0.0000000000
579	437.3110046387	695.1400146484	415.6789855957	0.2140148878	0.0000000000	102.0000000000	0.0000000000
580	437.3110046387	695.1400146484	415.6789855957	0.2140148878	0.0000000000	102.0000000000	0.0000000000
580	443.2409973145	701.0980224609	416.5079956055	0.1168978214	0.0000000000	102.0000000000	0.0000000000
581	443.2409973145	701.0980224609	416.5079956055	0.1168978214	0.0000000000	102.0000000000	0.0000000000
581	447.7969970703	713.7280273438	416.4979858398	0.1199873909	0.0000000000	128.0000000000	1.0000000000
582	447.7969970703	713.7280273438	416.4979858398	0.1199873909	0.0000000000	128.0000000000	1.0000000000
582	455.3609924316	725.2550048828	417.0159912109	0.1871909499	0.0000000000	129.0000000000	0.0000000000
583	455.3609924316	725.2550048828	417.0159912109	0.1871909499	0.0000000000	129.0000000000	0.0000000000
583	458.2839965820	732.3159790039	417.3169860840	0.1027712226	0.0000000000	129.0000000000	0.0000000000
584	458.2839965820	732.3159790039	417.3169860840	0.1027712226	0.0000000000	129.0000000000	0.0000000000
584	464.8710021973	742.1719970703	417.2799987793	0.1669580936	0.0000000000	129.0000000000	0.0000000000
585	464.8710021973	742.1719970703	417.2799987793	0.1669580936	0.0000000000	129.0000000000	0.0000000000
585	470.5910034180	748.2009887695	417.6600036621	0.1114321351	0.0000000000	129.0000000000	0.0000000000
586	470.5910034180	748.2009887695	417.6600036621	0.1114321351	0.0000000000	129.0000000000	0.0000000000
586	474.1700134277	754.8049926758	415.4460144043	0.1401465535	0.0000000000	129.0000000000	0.0000000000
587	474.1700134277	754.8049926758	415.4460144043	0.1401465535	0.0000000000	129.0000000000	0.0000000000
587	476.2579956055	758.6589965820	412.5729980469	0.1137689352	0.0000000000	129.0000000000	0.0000000000
588	496.2369995117	561.2839965820	363.1099853516	0.2318043709	0.0000000000	115.0000000000	1.0000000000
588	492.2959899902	555.1550292969	363.1589965820	0.1494896412	0.0000000000	115.0000000000	1.0000000000
589	492.2959899902	555.1550292969	363.1589965820	0.1494896412	0.0000000000	34.0000000000	1.0000000000
589	484.5530090332	542.5289916992	361.6560058594	0.1234712601	0.0000000000	34.0000000000	1.0000000000
590	484.5530090332	542.5289916992	361.6560058594	0.1234712601	0.0000000000	33.0000000000	1.0000000000
590	477.4469909668	534.0939941406	362.2799987793	0.2228596210	0.0000000000	33.0000000000	1.0000000000
591	484.5530090332	542.5289916992	361.6560058594	0.1234712601	0.0000000000	34.0000000000	1.0000000000
591	483.3630065918	551.5319824219	363.5880126953	0.1776587963	0.0000000000	130.0000000000	1.0000000000
592	418.9010009766	460.3750000000	365.5440063477	0.2557108402	0.0000000000	71.0000000000	1.0000000000
592	415.0150146484	457.2919921875	365.1050109863	0.1053991318	0.0000000000	71.0000000000	1.0000000000
593	415.0150146484	457.2919921875	365.1050109863	0.1053991318	0.0000000000	71.0000000000	1.0000000000
593	402.1109924316	450.0530090332	364.7909851074	0.3064391911	0.0000000000	71.0000000000	1.0000000000
594	402.1109924316	450.0530090332	364.7909851074	0.3064391911	0.0000000000	116.0000000000	1.0000000000
594	391.5199890137	442.1839904785	366.1679992676	0.0874354839	0.0000000000	116.0000000000	1.0000000000
595	374.7799987793	344.2300109863	368.0719909668	0.2841508389	0.0000000000	47.0000000000	1.0000000000
595	384.3959960938	331.7929992676	366.8580017090	0.1546435356	0.0000000000	47.0000000000	1.0000000000
596	461.2959899902	333.2420043945	303.4320068359	0.0396890640	0.0000000000	23.0000000000	1.0000000000
596	469.2080078125	321.2909851074	300.5790100098	0.0094982106	0.0000000000	23.0000000000	1.0000000000
597	500.0299987793	355.9379882812	275.6380004883	0.0129704475	0.0000000000	23.0000000000	1.0000000000
597	500.5490112305	365.6770019531	274.0589904785	0.0152537823	0.0000000000	23.0000000000	1.0000000000
598	500.5490112305	365.6770019531	274.0589904785	0.0152537823	0.0000000000	23.0000000000	1.0000000000
598	499.6229858398	373.0060119629	273.2219848633	0.0115091801	0.0000000000	23.0000000000	1.0000000000
599	499.6229858398	373.0060119629	273.2219848633	0.0115091801	0.0000000000	23.0000000000	1.0000000000
599	499.1149902344	384.5310058594	273.7699890137	0.0154552460	0.0000000000	23.0000000000	1.0000000000
600	499.1149902344	384.5310058594	273.7699890137	0.0154552460	0.0000000000	23.0000000000	1.0000000000
600	500.0570068359	396.4129943848	273.4909973145	0.1705057621	0.0000000000	23.0000000000	1.0000000000
601	500.0570068359	396.4129943848	273.4909973145	0.1705057621	0.0000000000	23.0000000000	1.0000000000
601	497.8829956055	412.3519897461	273.3890075684	0.2212085724	0.0000000000	23.0000000000	1.0000000000
602	497.8829956055	412.3519897461	273.3890075684	0.2212085724	0.0000000000	23.0000000000	1.0000000000
602	490.8590087891	429.4670104980	274.7690124512	0.2501664162	0.0000000000	23.0000000000	1.0000000000
603	490.8590087891	429.4670104980	274.7690124512	0.2501664162	0.0000000000	23.0000000000	1.0000000000
603	487.5580139160	444.3349914551	276.2959899902	0.2075829506	0.0000000000	23.0000000000	1.0000000000
604	487.5580139160	444.3349914551	276.2959899902	0.2075829506	0.0000000000	23.0000000000	1.0000000000
604	488.4719848633	459.0530090332	278.5809936523	0.2134491205	0.0000000000	23.0000000000	1.0000000000
605	488.4719848633	459.0530090332	278.5809936523	0.2134491205	0.0000000000	23.0000000000	1.0000000000
605	490.4259948730	468.7619934082	282.5859985352	0.1612343192	0.0000000000	23.0000000000	1.0000000000
606	488.4719848633	459.0530090332	278.5809936523	0.2134491205	0.0000000000	23.0000000000	1.0000000000
606	485.3089904785	473.3890075684	281.8219909668	0.2260311842	0.0000000000	23.0000000000	1.0000000000
607	490.4259948730	468.7619934082	282.5859985352	0.1612343192	0.0000000000	23.0000000000	1.0000000000
607	493.1279907227	486.5159912109	281.7130126953	0.2945972681	0.0000000000	23.0000000000	1.0000000000
608	493.1279907227	486.5159912109	281.7130126953	0.2945972681	0.0000000000	23.0000000000	1.0000000000
608	496.3179931641	502.8680114746	280.5440063477	0.2369424105	0.0000000000	23.0000000000	1.0000000000
609	496.3179931641	502.8680114746	280.5440063477	0.2369424105	0.0000000000	23.0000000000	1.0000000000
609	499.0719909668	518.8439941406	281.8250122070	0.2155051976	0.0000000000	23.0000000000	1.0000000000
610	499.0719909668	518.8439941406	281.8250122070	0.2155051976	0.0000000000	23.0000000000	1.0000000000
610	500.8689880371	534.5510253906	286.1029968262	0.0782704353	0.0000000000	23.0000000000	1.0000000000
611	404.7690124512	340.0610046387	344.6359863281	0.2184209824	0.0000000000	23.0000000000	1.0000000000
611	396.3439941406	348.1170043945	350.5629882812	0.2282567024	0.0000000000	23.0000000000	1.0000000000
612	396.3439941406	348.1170043945	350.5629882812	0.2282567024	0.0000000000	23.0000000000	1.0000000000
612	390.5270080566	356.9079895020	358.5499877930	0.2171878815	0.0000000000	23.0000000000	1.0000000000
613	390.5270080566	356.9079895020	358.5499877930	0.2171878815	0.0000000000	23.0000000000	1.0000000000
613	385.7049865723	366.1369934082	362.3120117188	0.2018594742	0.0000000000	23.0000000000	1.0000000000
614	385.7049865723	366.1369934082	362.3120117188	0.2018594742	0.0000000000	75.0000000000	1.0000000000
614	380.6350097656	377.2049865723	366.4530029297	0.2342177927	0.0000000000	75.0000000000	1.0000000000
615	410.3510131836	474.7980041504	367.8429870605	0.1745705605	0.0000000000	120.0000000000	1.0000000000
615	407.2390136719	486.9249877930	374.0329895020	0.2447431087	0.0000000000	120.0000000000	1.0000000000
616	407.2390136719	486.9249877930	374.0329895020	0.2447431087	0.0000000000	120.0000000000	1.0000000000
616	407.2109985352	489.7980041504	376.6059875488	0.0616664886	0.0000000000	120.0000000000	1.0000000000
617	407.2109985352	489.7980041504	376.6059875488	0.0616664886	0.0000000000	120.0000000000	1.0000000000
617	403.7569885254	503.2789916992	383.5719909668	0.2722398043	0.0000000000	120.0000000000	1.0000000000
618	403.7569885254	503.2789916992	383.5719909668	0.2722398043	0.0000000000	120.0000000000	1.0000000000
618	403.0889892578	512.7969970703	388.9639892578	0.1883857250	0.0000000000	120.0000000000	1.0000000000
619	403.0889892578	512.7969970703	388.9639892578	0.1883857250	0.0000000000	120.0000000000	1.0000000000
619	402.8880004883	522.9219970703	393.8169860840	0.1976351738	0.0000000000	120.0000000000	1.0000000000
620	402.8880004883	522.9219970703	393.8169860840	0.1976351738	0.0000000000	120.0000000000	1.0000000000
620	401.5780029297	531.4990234375	397.3070068359	0.3317956924	0.0000000000	131.0000000000	1.0000000000
621	401.5780029297	531.4990234375	397.3070068359	0.3317956924	0.0000000000	131.0000000000	1.0000000000
621	398.4830017090	546.0700073242	404.5260009766	0.1774235964	0.0000000000	132.0000000000	1.0000000000
622	401.5780029297	531.4990234375	397.3070068359	0.3317956924	0.0000000000	131.0000000000	1.0000000000
622	401.9689941406	517.0789794922	392.5239868164	0.3452612162	0.0000000000	133.0000000000	1.0000000000
623	398.4830017090	546.0700073242	404.5260009766	0.1774235964	0.0000000000	132.0000000000	1.0000000000
623	402.5969848633	560.5079956055	404.8940124512	0.2142519951	0.0000000000	132.0000000000	1.0000000000
624	402.5969848633	560.5079956055	404.8940124512	0.2142519951	0.0000000000	132.0000000000	1.0000000000
624	405.4429931641	574.9790039062	406.0010070801	0.2077170014	0.0000000000	132.0000000000	1.0000000000
625	405.4429931641	574.9790039062	406.0010070801	0.2077170014	0.0000000000	132.0000000000	1.0000000000
625	405.3880004883	580.8270263672	406.0079956055	0.0882262588	0.0000000000	132.0000000000	1.0000000000
626	405.3880004883	580.8270263672	406.0079956055	0.0882262588	0.0000000000	132.0000000000	1.0000000000
626	406.9559936523	593.0689697266	408.5329895020	0.1553746462	0.0000000000	132.0000000000	1.0000000000
627	406.9559936523	593.0689697266	408.5329895020	0.1553746462	0.0000000000	132.0000000000	1.0000000000
627	409.3609924316	598.2620239258	410.2139892578	0.0781820416	0.0000000000	132.0000000000	1.0000000000
628	409.3609924316	598.2620239258	410.2139892578	0.0781820416	0.0000000000	132.0000000000	1.0000000000
628	412.0629882812	608.0549926758	409.5159912109	0.1443640739	0.0000000000	132.0000000000	1.0000000000
629	412.0629882812	608.0549926758	409.5159912109	0.1443640739	0.0000000000	132.0000000000	1.0000000000
629	413.8609924316	613.5839843750	412.5660095215	0.0847590715	0.0000000000	132.0000000000	1.0000000000
630	413.8609924316	613.5839843750	412.5660095215	0.0847590715	0.0000000000	21.0000000000	1.0000000000
630	413.4500122070	615.5079956055	416.4179992676	0.0528917573	0.0000000000	21.0000000000	1.0000000000
631	386.5190124512	711.7520141602	373.2560119629	0.1063399315	0.0000000000	97.0000000000	1.0000000000
631	385.8959960938	707.4409790039	379.7730102539	0.1165056229	0.0000000000	97.0000000000	1.0000000000
632	385.8959960938	707.4409790039	379.7730102539	0.1165056229	0.0000000000	97.0000000000	1.0000000000
632	388.6759948730	701.3889770508	387.4500122070	0.1563515663	0.0000000000	97.0000000000	1.0000000000
633	388.6759948730	701.3889770508	387.4500122070	0.1563515663	0.0000000000	97.0000000000	1.0000000000
633	390.6170043945	698.5659790039	397.0090026855	0.1432704926	0.0000000000	97.0000000000	1.0000000000
634	390.6170043945	698.5659790039	397.0090026855	0.1432704926	0.0000000000	97.0000000000	1.0000000000
634	390.1310119629	694.3359985352	403.7690124512	0.1176075935	0.0000000000	97.0000000000	1.0000000000
635	390.1310119629	694.3359985352	403.7690124512	0.1176075935	0.0000000000	97.0000000000	1.0000000000
635	391.8640136719	693.5040283203	409.3800048828	0.0792217255	0.0000000000	97.0000000000	1.0000000000
636	391.8640136719	693.5040283203	409.3800048828	0.0792217255	0.0000000000	103.0000000000	1.0000000000
636	395.7489929199	690.4349975586	419.3859863281	0.0848574638	0.0000000000	103.0000000000	1.0000000000
637	431.6300048828	586.0109863281	405.5539855957	0.1825618744	0.0000000000	100.0000000000	1.0000000000
637	423.4060058594	570.8049926758	404.6709899902	0.2433266640	0.0000000000	100.0000000000	1.0000000000
638	423.4060058594	570.8049926758	404.6709899902	0.2433266640	0.0000000000	100.0000000000	1.0000000000
638	414.2680053711	561.5250244141	404.6050109863	0.1789774895	0.0000000000	100.0000000000	1.0000000000
639	414.2680053711	561.5250244141	404.6050109863	0.1789774895	0.0000000000	100.0000000000	1.0000000000
639	406.1849975586	553.5869750977	404.5610046387	0.1555945873	0.0000000000	100.0000000000	1.0000000000
640	406.1849975586	553.5869750977	404.5610046387	0.1555945873	0.0000000000	100.0000000000	1.0000000000
640	405.6350097656	545.2990112305	401.0950012207	0.2088115215	0.0000000000	100.0000000000	1.0000000000
641	405.6350097656	545.2990112305	401.0950012207	0.2088115215	0.0000000000	131.0000000000	1.0000000000
641	401.5780029297	531.4990234375	397.3070068359	0.3317956924	0.0000000000	131.0000000000	1.0000000000
642	401.9689941406	517.0789794922	392.5239868164	0.3452612162	0.0000000000	133.0000000000	1.0000000000
642	401.9169921875	506.1440124512	386.0260009766	0.3060735464	0.0000000000	133.0000000000	1.0000000000
643	401.9169921875	506.1440124512	386.0260009766	0.3060735464	0.0000000000	133.0000000000	1.0000000000
643	401.3160095215	495.3229980469	382.1140136719	0.2637188435	0.0000000000	133.0000000000	1.0000000000
644	401.3160095215	495.3229980469	382.1140136719	0.2637188435	0.0000000000	133.0000000000	1.0000000000
644	399.5549926758	487.2529907227	378.0199890137	0.2176089287	0.0000000000	133.0000000000	1.0000000000
645	399.5549926758	487.2529907227	378.0199890137	0.2176089287	0.0000000000	133.0000000000	1.0000000000
645	398.6059875488	475.4869995117	374.9790039062	0.2714737654	0.0000000000	133.0000000000	1.0000000000
646	398.6059875488	475.4869995117	374.9790039062	0.2714737654	0.0000000000	133.0000000000	1.0000000000
646	396.5350036621	464.5669860840	371.3869934082	0.2647860050	0.0000000000	133.0000000000	1.0000000000
647	396.5350036621	464.5669860840	371.3869934082	0.2647860050	0.0000000000	133.0000000000	1.0000000000
647	397.3420104980	454.7390136719	368.7359924316	0.2281220704	0.0000000000	133.0000000000	1.0000000000
648	397.3420104980	454.7390136719	368.7359924316	0.2281220704	0.0000000000	117.0000000000	1.0000000000
648	397.3039855957	445.0979919434	365.9070129395	0.2259781808	0.0000000000	117.0000000000	1.0000000000
649	485.3089904785	473.3890075684	281.8219909668	0.2260311842	0.0000000000	23.0000000000	1.0000000000
649	482.3940124512	482.7030029297	281.9509887695	0.1514763832	0.0000000000	23.0000000000	1.0000000000
650	482.3940124512	482.7030029297	281.9509887695	0.1514763832	0.0000000000	23.0000000000	1.0000000000
650	479.4070129395	496.0710144043	281.6130065918	0.1901327372	0.0000000000	23.0000000000	1.0000000000
651	479.4070129395	496.0710144043	281.6130065918	0.1901327372	0.0000000000	23.0000000000	1.0000000000
651	476.7420043945	512.1489868164	283.5499877930	0.2116909027	0.0000000000	23.0000000000	1.0000000000
652	476.7420043945	512.1489868164	283.5499877930	0.2116909027	0.0000000000	23.0000000000	1.0000000000
652	476.5339965820	522.2189941406	292.3529968262	0.1931779385	0.0000000000	23.0000000000	1.0000000000
653	476.5339965820	522.2189941406	292.3529968262	0.1931779385	0.0000000000	23.0000000000	1.0000000000
653	476.5369873047	529.7670288086	299.0929870605	0.1595616341	0.0000000000	23.0000000000	1.0000000000
654	476.5369873047	529.7670288086	299.0929870605	0.1595616341	0.0000000000	23.0000000000	1.0000000000
654	479.1239929199	536.3449707031	305.7019958496	0.1536697149	0.0000000000	23.0000000000	1.0000000000
655	479.1239929199	536.3449707031	305.7019958496	0.1536697149	0.0000000000	23.0000000000	1.0000000000
655	481.1669921875	544.0529785156	313.8900146484	0.1788824499	0.0000000000	23.0000000000	1.0000000000
656	481.1669921875	544.0529785156	313.8900146484	0.1788824499	0.0000000000	23.0000000000	1.0000000000
656	482.2919921875	547.6270141602	317.1789855957	0.0799687505	0.0000000000	23.0000000000	1.0000000000
657	482.2919921875	547.6270141602	317.1789855957	0.0799687505	0.0000000000	23.0000000000	1.0000000000
657	483.7980041504	551.4869995117	324.3039855957	0.1509854794	0.0000000000	23.0000000000	1.0000000000
658	465.7099914551	333.7409973145	284.0559997559	0.0120807886	0.0000000000	23.0000000000	1.0000000000
658	466.3750000000	325.7569885254	290.8110046387	0.0157030225	0.0000000000	23.0000000000	1.0000000000
659	466.3750000000	325.7569885254	290.8110046387	0.0157030225	0.0000000000	23.0000000000	1.0000000000
659	469.2080078125	321.2909851074	300.5790100098	0.0094982106	0.0000000000	23.0000000000	1.0000000000
660	444.2890014648	296.3460083008	330.5859985352	0.1389703453	0.0000000000	23.0000000000	1.0000000000
660	434.3290100098	290.3640136719	336.0379943848	0.2265134156	0.0000000000	23.0000000000	1.0000000000
661	434.3290100098	290.3640136719	336.0379943848	0.2265134156	0.0000000000	23.0000000000	1.0000000000
661	431.3729858398	285.0679931641	341.9419860840	0.1335694194	0.0000000000	23.0000000000	1.0000000000
662	160.0659942627	343.4049987793	380.6690063477	0.0957798958	0.0000000000	43.0000000000	1.0000000000
662	167.6020050049	341.5000000000	388.4989929199	0.1731882095	0.0000000000	43.0000000000	1.0000000000
663	167.6020050049	341.5000000000	388.4989929199	0.1731882095	0.0000000000	43.0000000000	1.0000000000
663	175.8780059814	338.5690002441	397.9460144043	0.2004265785	0.0000000000	43.0000000000	1.0000000000
664	175.8780059814	338.5690002441	397.9460144043	0.2004265785	0.0000000000	43.0000000000	1.0000000000
664	178.5980072021	336.8420104980	403.0780029297	0.0891261101	0.0000000000	43.0000000000	1.0000000000
665	178.5980072021	336.8420104980	403.0780029297	0.0891261101	0.0000000000	43.0000000000	1.0000000000
665	185.3919982910	332.5020141602	412.6749877930	0.1647958755	0.0000000000	43.0000000000	1.0000000000
666	185.3919982910	332.5020141602	412.6749877930	0.1647958755	0.0000000000	62.0000000000	1.0000000000
666	195.3459930420	325.2449951172	418.7749938965	0.1466162205	0.0000000000	62.0000000000	1.0000000000
667	232.0899963379	319.6239929199	414.3439941406	0.0910997391	0.0000000000	59.0000000000	1.0000000000
667	243.3220062256	310.0809936523	415.5260009766	0.1501179934	0.0000000000	134.0000000000	1.0000000000
668	243.3220062256	310.0809936523	415.5260009766	0.1501179934	0.0000000000	134.0000000000	1.0000000000
668	250.3410034180	296.2850036621	416.3590087891	0.2074058056	0.0000000000	135.0000000000	1.0000000000
669	243.3220062256	310.0809936523	415.5260009766	0.1501179934	0.0000000000	134.0000000000	1.0000000000
669	235.8130035400	305.8089904785	417.7799987793	0.1161071062	0.0000000000	136.0000000000	1.0000000000
670	250.3410034180	296.2850036621	416.3590087891	0.2074058056	0.0000000000	135.0000000000	1.0000000000
670	256.4970092773	286.9830017090	417.2640075684	0.1533980370	0.0000000000	135.0000000000	1.0000000000
671	256.4970092773	286.9830017090	417.2640075684	0.1533980370	0.0000000000	135.0000000000	1.0000000000
671	262.0270080566	281.0809936523	416.7860107422	0.1143338680	0.0000000000	135.0000000000	1.0000000000
672	262.0270080566	281.0809936523	416.7860107422	0.1143338680	0.0000000000	135.0000000000	1.0000000000
672	270.3609924316	269.7040100098	417.4500122070	0.1932389736	0.0000000000	135.0000000000	1.0000000000
673	270.3609924316	269.7040100098	417.4500122070	0.1932389736	0.0000000000	135.0000000000	1.0000000000
673	271.9020080566	266.7630004883	417.3030090332	0.0465645790	0.0000000000	135.0000000000	1.0000000000
674	271.9020080566	266.7630004883	417.3030090332	0.0465645790	0.0000000000	135.0000000000	1.0000000000
674	281.8859863281	253.9459991455	417.8439941406	0.2219111919	0.0000000000	135.0000000000	1.0000000000
675	281.8859863281	253.9459991455	417.8439941406	0.2219111919	0.0000000000	135.0000000000	1.0000000000
675	285.5899963379	249.6540069580	416.0429992676	0.1033630371	0.0000000000	135.0000000000	1.0000000000
676	285.5899963379	249.6540069580	416.0429992676	0.1033630371	0.0000000000	135.0000000000	1.0000000000
676	292.3280029297	239.1210021973	418.1549987793	0.1593472958	0.0000000000	135.0000000000	1.0000000000
677	292.3280029297	239.1210021973	418.1549987793	0.1593472958	0.0000000000	135.0000000000	1.0000000000
677	299.4140014648	225.3609924316	418.3949890137	0.2175071239	0.0000000000	135.0000000000	1.0000000000
678	299.4140014648	225.3609924316	418.3949890137	0.2175071239	0.0000000000	135.0000000000	1.0000000000
678	301.7579956055	219.4210052490	411.6229858398	0.2222836018	0.0000000000	135.0000000000	1.0000000000
679	301.7579956055	219.4210052490	411.6229858398	0.2222836018	0.0000000000	135.0000000000	1.0000000000
679	303.9169921875	213.7680053711	407.1189880371	0.1830540895	0.0000000000	135.0000000000	1.0000000000
680	303.9169921875	213.7680053711	407.1189880371	0.1830540895	0.0000000000	135.0000000000	1.0000000000
680	304.9289855957	206.4329986572	400.6530151367	0.2464357615	0.0000000000	135.0000000000	1.0000000000
681	304.9289855957	206.4329986572	400.6530151367	0.2464357615	0.0000000000	135.0000000000	1.0000000000
681	307.8760070801	197.5229949951	392.1400146484	0.3188670278	0.0000000000	135.0000000000	1.0000000000
682	307.8760070801	197.5229949951	392.1400146484	0.3188670278	0.0000000000	135.0000000000	1.0000000000
682	312.4490051270	191.9060058594	384.6539916992	0.2654814720	0.0000000000	135.0000000000	1.0000000000
683	312.4490051270	191.9060058594	384.6539916992	0.2654814720	0.0000000000	135.0000000000	1.0000000000
683	313.7919921875	183.7510070801	378.2980041504	0.2579365671	0.0000000000	135.0000000000	1.0000000000
684	313.7919921875	183.7510070801	378.2980041504	0.2579365671	0.0000000000	84.0000000000	1.0000000000
684	317.9400024414	177.1040039062	369.4989929199	0.3025527894	0.0000000000	84.0000000000	1.0000000000
685	379.1419982910	390.5830078125	310.0629882812	0.1573737264	0.0000000000	23.0000000000	1.0000000000
685	380.9309997559	390.4649963379	315.0530090332	0.0748217106	0.0000000000	23.0000000000	1.0000000000
686	380.9309997559	390.4649963379	315.0530090332	0.0748217106	0.0000000000	23.0000000000	1.0000000000
686	382.0490112305	390.6279907227	322.8280029297	0.1082539558	0.0000000000	23.0000000000	1.0000000000
687	382.0490112305	390.6279907227	322.8280029297	0.1082539558	0.0000000000	23.0000000000	1.0000000000
687	383.4500122070	391.7640075684	329.4899902344	0.0962501168	0.0000000000	23.0000000000	1.0000000000
688	383.4500122070	391.7640075684	329.4899902344	0.0962501168	0.0000000000	23.0000000000	1.0000000000
688	382.3349914551	390.9450073242	337.7229919434	0.1152264476	0.0000000000	23.0000000000	1.0000000000
689	382.3349914551	390.9450073242	337.7229919434	0.1152264476	0.0000000000	23.0000000000	1.0000000000
689	382.4869995117	391.3919982910	345.7239990234	0.1099591255	0.0000000000	23.0000000000	1.0000000000
690	382.4869995117	391.3919982910	345.7239990234	0.1099591255	0.0000000000	23.0000000000	1.0000000000
690	380.5559997559	393.4100036621	356.1449890137	0.1504071057	0.0000000000	23.0000000000	1.0000000000
691	380.5559997559	393.4100036621	356.1449890137	0.1504071057	0.0000000000	77.0000000000	1.0000000000
691	379.4410095215	391.2109985352	366.7160034180	0.1436357200	0.0000000000	77.0000000000	1.0000000000
692	408.8859863281	611.0460205078	384.9800109863	0.1479519606	0.0000000000	20.0000000000	1.0000000000
692	408.4830017090	612.0280151367	374.7990112305	0.1401222944	0.0000000000	20.0000000000	1.0000000000
693	408.4830017090	612.0280151367	374.7990112305	0.1401222944	0.0000000000	15.0000000000	1.0000000000
693	412.3739929199	614.0570068359	365.2239990234	0.1410938501	0.0000000000	15.0000000000	1.0000000000
694	501.6510009766	603.2739868164	363.0069885254	0.2379750758	0.0000000000	5.0000000000	1.0000000000
694	507.6189880371	602.2550048828	360.9140014648	0.1460573524	0.0000000000	5.0000000000	1.0000000000
695	311.8559875488	157.3110046387	424.2539978027	0.1379792690	0.0000000000	23.0000000000	1.0000000000
695	301.2619934082	166.6999969482	424.7640075684	0.1944830418	0.0000000000	23.0000000000	1.0000000000
696	301.2619934082	166.6999969482	424.7640075684	0.1944830418	0.0000000000	23.0000000000	1.0000000000
696	290.6040039062	173.2989959717	424.5360107422	0.1778624058	0.0000000000	23.0000000000	1.0000000000
697	290.6040039062	173.2989959717	424.5360107422	0.1778624058	0.0000000000	23.0000000000	1.0000000000
697	280.3009948730	178.6999969482	425.3680114746	0.1541607380	0.0000000000	23.0000000000	1.0000000000
698	280.3009948730	178.6999969482	425.3680114746	0.1541607380	0.0000000000	23.0000000000	1.0000000000
698	265.1570129395	184.4620056152	426.0509948730	0.2215538025	0.0000000000	23.0000000000	1.0000000000
699	265.1570129395	184.4620056152	426.0509948730	0.2215538025	0.0000000000	23.0000000000	1.0000000000
699	251.0610046387	193.5549926758	427.2709960938	0.2303336859	0.0000000000	23.0000000000	1.0000000000
700	251.0610046387	193.5549926758	427.2709960938	0.2303336859	0.0000000000	23.0000000000	1.0000000000
700	240.2200012207	199.1100006104	427.7479858398	0.1693216562	0.0000000000	23.0000000000	1.0000000000
701	240.2200012207	199.1100006104	427.7479858398	0.1693216562	0.0000000000	23.0000000000	1.0000000000
701	236.2120056152	202.8390045166	427.3110046387	0.0782738924	0.0000000000	23.0000000000	1.0000000000
702	236.2120056152	202.8390045166	427.3110046387	0.0782738924	0.0000000000	23.0000000000	1.0000000000
702	232.5939941406	206.3690032959	426.4020080566	0.0812256336	0.0000000000	23.0000000000	1.0000000000
703	232.5939941406	206.3690032959	426.4020080566	0.0812256336	0.0000000000	23.0000000000	1.0000000000
703	220.1690063477	214.5619964600	426.7789916992	0.2153284550	0.0000000000	23.0000000000	1.0000000000
704	220.1690063477	214.5619964600	426.7789916992	0.2153284550	0.0000000000	23.0000000000	1.0000000000
704	208.6369934082	223.5370025635	428.0960083008	0.1937741041	0.0000000000	23.0000000000	1.0000000000
705	208.6369934082	223.5370025635	428.0960083008	0.1937741041	0.0000000000	23.0000000000	1.0000000000
705	204.4559936523	226.7389984131	428.5740051270	0.0718283653	0.0000000000	23.0000000000	1.0000000000
706	204.4559936523	226.7389984131	428.5740051270	0.0718283653	0.0000000000	23.0000000000	1.0000000000
706	200.4940032959	229.9989929199	429.5960083008	0.0719161034	0.0000000000	23.0000000000	1.0000000000
707	200.4940032959	229.9989929199	429.5960083008	0.0719161034	0.0000000000	23.0000000000	1.0000000000
707	194.1289978027	235.8880004883	432.8259887695	0.1391771436	0.0000000000	23.0000000000	1.0000000000
708	194.1289978027	235.8880004883	432.8259887695	0.1391771436	0.0000000000	23.0000000000	1.0000000000
708	188.7969970703	238.9160003662	435.7780151367	0.1077540517	0.0000000000	23.0000000000	1.0000000000
709	188.7969970703	238.9160003662	435.7780151367	0.1077540517	0.0000000000	23.0000000000	1.0000000000
709	182.5809936523	243.8659973145	443.2099914551	0.1712529063	0.0000000000	23.0000000000	1.0000000000
710	182.5809936523	243.8659973145	443.2099914551	0.1712529063	0.0000000000	23.0000000000	1.0000000000
710	174.7420043945	250.1399993896	451.6489868164	0.2118409574	0.0000000000	23.0000000000	1.0000000000
711	174.7420043945	250.1399993896	451.6489868164	0.2118409574	0.0000000000	23.0000000000	1.0000000000
711	169.0729980469	256.8890075684	460.1870117188	0.1937941313	0.0000000000	23.0000000000	1.0000000000
712	169.0729980469	256.8890075684	460.1870117188	0.1937941313	0.0000000000	106.0000000000	1.0000000000
712	161.7500000000	256.3649902344	468.4440002441	0.1705870330	0.0000000000	106.0000000000	1.0000000000
713	426.2309875488	690.6989746094	374.3599853516	0.1858475208	0.0000000000	95.0000000000	1.0000000000
713	428.2680053711	697.2849731445	382.0570068359	0.1597027779	0.0000000000	95.0000000000	1.0000000000
714	428.2680053711	697.2849731445	382.0570068359	0.1597027779	0.0000000000	95.0000000000	1.0000000000
714	430.6960144043	701.1619873047	390.0180053711	0.1342238784	0.0000000000	95.0000000000	1.0000000000
715	430.6960144043	701.1619873047	390.0180053711	0.1342238784	0.0000000000	95.0000000000	1.0000000000
715	432.2999877930	705.1010131836	395.7239990234	0.1072193980	0.0000000000	95.0000000000	1.0000000000
716	432.2999877930	705.1010131836	395.7239990234	0.1072193980	0.0000000000	95.0000000000	1.0000000000
716	433.8999938965	707.2100219727	400.8750000000	0.0835017264	0.0000000000	95.0000000000	1.0000000000
717	433.8999938965	707.2100219727	400.8750000000	0.0835017264	0.0000000000	95.0000000000	1.0000000000
717	438.8219909668	709.1459960938	409.7539978027	0.1326807141	0.0000000000	95.0000000000	1.0000000000
718	438.8219909668	709.1459960938	409.7539978027	0.1326807141	0.0000000000	128.0000000000	1.0000000000
718	447.7969970703	713.7280273438	416.4979858398	0.1199873909	0.0000000000	128.0000000000	1.0000000000
719	253.6750030518	316.1489868164	412.8309936523	0.1716008186	0.0000000000	134.0000000000	1.0000000000
719	243.3220062256	310.0809936523	415.5260009766	0.1501179934	0.0000000000	134.0000000000	1.0000000000
720	235.8130035400	305.8089904785	417.7799987793	0.1161071062	0.0000000000	136.0000000000	1.0000000000
720	224.4909973145	301.7890014648	418.5159912109	0.1630449295	0.0000000000	136.0000000000	1.0000000000
721	224.4909973145	301.7890014648	418.5159912109	0.1630449295	0.0000000000	136.0000000000	1.0000000000
721	214.2689971924	295.4060058594	419.9700012207	0.1564234495	0.0000000000	136.0000000000	1.0000000000
722	214.2689971924	295.4060058594	419.9700012207	0.1564234495	0.0000000000	136.0000000000	1.0000000000
722	198.4850006104	290.0339965820	421.6530151367	0.2264782190	0.0000000000	136.0000000000	1.0000000000
723	198.4850006104	290.0339965820	421.6530151367	0.2264782190	0.0000000000	136.0000000000	1.0000000000
723	191.3150024414	284.2959899902	422.9330139160	0.1233745813	0.0000000000	136.0000000000	1.0000000000
724	191.3150024414	284.2959899902	422.9330139160	0.1233745813	0.0000000000	136.0000000000	1.0000000000
724	184.1690063477	281.0490112305	424.5469970703	0.0987797976	0.0000000000	136.0000000000	1.0000000000
725	184.1690063477	281.0490112305	424.5469970703	0.0987797976	0.0000000000	136.0000000000	1.0000000000
725	181.4929962158	279.6910095215	428.3370056152	0.0542910695	0.0000000000	136.0000000000	1.0000000000
726	181.4929962158	279.6910095215	428.3370056152	0.0542910695	0.0000000000	136.0000000000	1.0000000000
726	175.2369995117	276.5050048828	433.3900146484	0.1283941269	0.0000000000	136.0000000000	1.0000000000
727	175.2369995117	276.5050048828	433.3900146484	0.1283941269	0.0000000000	136.0000000000	1.0000000000
727	171.9230041504	275.3120117188	441.2430114746	0.1220560670	0.0000000000	136.0000000000	1.0000000000
728	171.9230041504	275.3120117188	441.2430114746	0.1220560670	0.0000000000	136.0000000000	1.0000000000
728	166.7200012207	274.0310058594	448.7619934082	0.1383066177	0.0000000000	136.0000000000	1.0000000000
729	166.7200012207	274.0310058594	448.7619934082	0.1383066177	0.0000000000	136.0000000000	1.0000000000
729	164.0350036621	269.6579895020	458.5509948730	0.1601599157	0.0000000000	136.0000000000	1.0000000000
730	164.0350036621	269.6579895020	458.5509948730	0.1601599157	0.0000000000	105.0000000000	1.0000000000
730	159.3370056152	265.0899963379	468.8389892578	0.1802844107	0.0000000000	105.0000000000	1.0000000000
731	288.7099914551	423.6010131836	404.3569946289	0.1897469759	0.0000000000	69.0000000000	1.0000000000
731	284.7179870605	406.4880065918	404.6679992676	0.2387787104	0.0000000000	137.0000000000	1.0000000000
732	284.7179870605	406.4880065918	404.6679992676	0.2387787104	0.0000000000	137.0000000000	1.0000000000
732	287.5299987793	392.0939941406	404.5989990234	0.2015093565	0.0000000000	137.0000000000	1.0000000000
733	287.5299987793	392.0939941406	404.5989990234	0.2015093565	0.0000000000	137.0000000000	1.0000000000
733	294.2579956055	377.6300048828	404.5759887695	0.2188211679	0.0000000000	137.0000000000	1.0000000000
734	294.2579956055	377.6300048828	404.5759887695	0.2188211679	0.0000000000	137.0000000000	1.0000000000
734	298.3420104980	371.7430114746	404.4349975586	0.0991975069	0.0000000000	137.0000000000	1.0000000000
735	298.3420104980	371.7430114746	404.4349975586	0.0991975069	0.0000000000	137.0000000000	1.0000000000
735	305.7009887695	361.3359985352	404.4710083008	0.1744682789	0.0000000000	137.0000000000	1.0000000000
736	305.7009887695	361.3359985352	404.4710083008	0.1744682789	0.0000000000	137.0000000000	1.0000000000
736	314.8800048828	349.7309875488	404.5220031738	0.2024704218	0.0000000000	137.0000000000	1.0000000000
737	314.8800048828	349.7309875488	404.5220031738	0.2024704218	0.0000000000	137.0000000000	1.0000000000
737	318.1749877930	345.9570007324	404.5039978027	0.0687975883	0.0000000000	137.0000000000	1.0000000000
738	318.1749877930	345.9570007324	404.5039978027	0.0687975883	0.0000000000	137.0000000000	1.0000000000
738	330.3540039062	332.0880126953	404.5759887695	0.2525119185	0.0000000000	137.0000000000	1.0000000000
739	330.3540039062	332.0880126953	404.5759887695	0.2525119185	0.0000000000	137.0000000000	1.0000000000
739	332.1820068359	329.1109924316	402.9060058594	0.0709685683	0.0000000000	137.0000000000	1.0000000000
740	332.1820068359	329.1109924316	402.9060058594	0.0709685683	0.0000000000	137.0000000000	1.0000000000
740	341.1289978027	327.7789916992	397.9479980469	0.2460737675	0.0000000000	137.0000000000	1.0000000000
741	341.1289978027	327.7789916992	397.9479980469	0.2460737675	0.0000000000	48.0000000000	1.0000000000
741	350.0799865723	329.1319885254	395.2309875488	0.3911254406	0.0000000000	48.0000000000	1.0000000000
742	234.0070037842	310.4259948730	415.3869934082	0.2003099322	0.0000000000	56.0000000000	1.0000000000
742	234.3609924316	324.7760009766	414.8450012207	0.1581902504	0.0000000000	56.0000000000	1.0000000000
743	404.8529968262	594.8720092773	409.6809997559	0.2568101883	0.0000000000	30.0000000000	1.0000000000
743	399.5109863281	585.1950073242	409.4750061035	0.1635107994	0.0000000000	30.0000000000	1.0000000000
744	399.5109863281	585.1950073242	409.4750061035	0.1635107994	0.0000000000	30.0000000000	1.0000000000
744	390.2569885254	574.6950073242	408.3829956055	0.2004771233	0.0000000000	30.0000000000	1.0000000000
745	390.2569885254	574.6950073242	408.3829956055	0.2004771233	0.0000000000	30.0000000000	1.0000000000
745	382.5629882812	562.1179809570	407.7359924316	0.2074770927	0.0000000000	30.0000000000	1.0000000000
746	382.5629882812	562.1179809570	407.7359924316	0.2074770927	0.0000000000	30.0000000000	1.0000000000
746	377.7609863281	554.9110107422	407.7279968262	0.1207175255	0.0000000000	30.0000000000	1.0000000000
747	377.7609863281	554.9110107422	407.7279968262	0.1207175255	0.0000000000	30.0000000000	1.0000000000
747	372.5000000000	540.7039794922	406.5249938965	0.2165637016	0.0000000000	30.0000000000	1.0000000000
748	372.5000000000	540.7039794922	406.5249938965	0.2165637016	0.0000000000	30.0000000000	1.0000000000
748	361.2760009766	529.0620117188	406.3190002441	0.2230973244	0.0000000000	30.0000000000	1.0000000000
749	361.2760009766	529.0620117188	406.3190002441	0.2230973244	0.0000000000	30.0000000000	1.0000000000
749	358.9530029297	526.8800048828	406.3020019531	0.0438036919	0.0000000000	30.0000000000	1.0000000000
750	358.9530029297	526.8800048828	406.3020019531	0.0438036919	0.0000000000	30.0000000000	1.0000000000
750	348.8779907227	516.8109741211	406.1530151367	0.1965239048	0.0000000000	30.0000000000	1.0000000000
751	348.8779907227	516.8109741211	406.1530151367	0.1965239048	0.0000000000	30.0000000000	1.0000000000
751	344.3640136719	500.9289855957	404.3569946289	0.2478280067	0.0000000000	30.0000000000	1.0000000000
752	344.3640136719	500.9289855957	404.3569946289	0.2478280067	0.0000000000	30.0000000000	1.0000000000
752	333.1069946289	486.5400085449	404.3909912109	0.2501902580	0.0000000000	30.0000000000	1.0000000000
753	333.1069946289	486.5400085449	404.3909912109	0.2501902580	0.0000000000	30.0000000000	1.0000000000
753	324.1849975586	477.7460021973	404.4349975586	0.1714179516	0.0000000000	30.0000000000	1.0000000000
754	324.1849975586	477.7460021973	404.4349975586	0.1714179516	0.0000000000	30.0000000000	1.0000000000
754	312.9949951172	465.6619873047	404.4949951172	0.2253422737	0.0000000000	30.0000000000	1.0000000000
755	312.9949951172	465.6619873047	404.4949951172	0.2253422737	0.0000000000	30.0000000000	1.0000000000
755	302.1539916992	450.4700012207	404.3009948730	0.2571704388	0.0000000000	30.0000000000	1.0000000000
756	302.1539916992	450.4700012207	404.3009948730	0.2571704388	0.0000000000	30.0000000000	1.0000000000
756	293.2730102539	436.5939941406	404.4989929199	0.2244844437	0.0000000000	30.0000000000	1.0000000000
757	293.2730102539	436.5939941406	404.4989929199	0.2244844437	0.0000000000	69.0000000000	1.0000000000
757	288.7099914551	423.6010131836	404.3569946289	0.1897469759	0.0000000000	69.0000000000	1.0000000000
758	487.1560058594	557.5239868164	321.3779907227	0.1647208929	0.0000000000	23.0000000000	1.0000000000
758	487.7030029297	564.4990234375	329.1990051270	0.1621599197	0.0000000000	23.0000000000	1.0000000000
759	487.7030029297	564.4990234375	329.1990051270	0.1621599197	0.0000000000	23.0000000000	1.0000000000
759	489.9909973145	573.0770263672	338.1589965820	0.1979367137	0.0000000000	23.0000000000	1.0000000000
760	489.9909973145	573.0770263672	338.1589965820	0.1979367137	0.0000000000	23.0000000000	1.0000000000
760	489.1170043945	580.7089843750	345.7619934082	0.1701188087	0.0000000000	23.0000000000	1.0000000000
761	489.1170043945	580.7089843750	345.7619934082	0.1701188087	0.0000000000	23.0000000000	1.0000000000
761	487.1140136719	590.3150024414	350.7969970703	0.1922598481	0.0000000000	23.0000000000	1.0000000000
762	487.1140136719	590.3150024414	350.7969970703	0.1922598481	0.0000000000	23.0000000000	1.0000000000
762	487.8729858398	596.7249755859	353.6010131836	0.1254806519	0.0000000000	23.0000000000	1.0000000000
763	487.8729858398	596.7249755859	353.6010131836	0.1254806519	0.0000000000	7.0000000000	1.0000000000
763	489.8039855957	604.7109985352	361.7200012207	0.1818540096	0.0000000000	7.0000000000	1.0000000000
764	245.4790039062	261.6799926758	421.1170043945	0.1265785694	0.0000000000	124.0000000000	1.0000000000
764	233.8150024414	266.0559997559	421.1409912109	0.1706007719	0.0000000000	124.0000000000	1.0000000000
765	233.8150024414	266.0559997559	421.1409912109	0.1706007719	0.0000000000	124.0000000000	1.0000000000
765	226.6790008545	273.3789978027	419.9330139160	0.1608544588	0.0000000000	124.0000000000	1.0000000000
766	226.6790008545	273.3789978027	419.9330139160	0.1608544588	0.0000000000	124.0000000000	1.0000000000
766	218.4510040283	277.7749938965	421.5069885254	0.1194144487	0.0000000000	124.0000000000	1.0000000000
767	218.4510040283	277.7749938965	421.5069885254	0.1194144487	0.0000000000	124.0000000000	1.0000000000
767	205.8939971924	286.7399902344	422.1369934082	0.2133097649	0.0000000000	124.0000000000	1.0000000000
768	205.8939971924	286.7399902344	422.1369934082	0.2133097649	0.0000000000	124.0000000000	1.0000000000
768	194.5679931641	295.6719970703	421.9490051270	0.1990241408	0.0000000000	124.0000000000	1.0000000000
769	194.5679931641	295.6719970703	421.9490051270	0.1990241408	0.0000000000	124.0000000000	1.0000000000
769	178.7980041504	300.6340026855	423.2829895020	0.2227550149	0.0000000000	124.0000000000	1.0000000000
770	178.7980041504	300.6340026855	423.2829895020	0.2227550149	0.0000000000	124.0000000000	1.0000000000
770	173.2070007324	304.6319885254	423.3810119629	0.0949803591	0.0000000000	124.0000000000	1.0000000000
771	173.2070007324	304.6319885254	423.3810119629	0.0949803591	0.0000000000	124.0000000000	1.0000000000
771	164.2539978027	311.2330017090	423.4249877930	0.1521723270	0.0000000000	124.0000000000	1.0000000000
772	164.2539978027	311.2330017090	423.4249877930	0.1521723270	0.0000000000	124.0000000000	1.0000000000
772	155.7310028076	313.8259887695	425.1260070801	0.1219928563	0.0000000000	124.0000000000	1.0000000000
773	155.7310028076	313.8259887695	425.1260070801	0.1219928563	0.0000000000	124.0000000000	1.0000000000
773	145.9750061035	315.4899902344	424.8580017090	0.1381204724	0.0000000000	124.0000000000	1.0000000000
774	145.9750061035	315.4899902344	424.8580017090	0.1381204724	0.0000000000	44.0000000000	1.0000000000
774	136.1730041504	321.2390136719	425.3489990234	0.1530895531	0.0000000000	44.0000000000	1.0000000000
775	336.3529968262	325.2409973145	403.2290039062	0.0315690041	0.0000000000	48.0000000000	1.0000000000
775	350.0799865723	329.1319885254	395.2309875488	0.3911254406	0.0000000000	48.0000000000	1.0000000000
776	434.2569885254	308.0589904785	339.8240051270	0.2764225006	0.0000000000	23.0000000000	1.0000000000
776	430.0520019531	314.1359863281	343.2680053711	0.1440322399	0.0000000000	23.0000000000	1.0000000000
777	430.0520019531	314.1359863281	343.2680053711	0.1440322399	0.0000000000	23.0000000000	1.0000000000
777	423.6159973145	324.7569885254	345.3630065918	0.2445944548	0.0000000000	23.0000000000	1.0000000000
778	423.6159973145	324.7569885254	345.3630065918	0.2445944548	0.0000000000	23.0000000000	1.0000000000
778	416.1140136719	334.0209960938	351.9630126953	0.2349263430	0.0000000000	23.0000000000	1.0000000000
779	416.1140136719	334.0209960938	351.9630126953	0.2349263430	0.0000000000	23.0000000000	1.0000000000
779	412.5010070801	338.4760131836	354.1830139160	0.1112470627	0.0000000000	23.0000000000	1.0000000000
780	412.5010070801	338.4760131836	354.1830139160	0.1112470627	0.0000000000	23.0000000000	1.0000000000
780	404.5199890137	346.5559997559	358.2820129395	0.2201639414	0.0000000000	23.0000000000	1.0000000000
781	404.5199890137	346.5559997559	358.2820129395	0.2201639414	0.0000000000	23.0000000000	1.0000000000
781	395.2059936523	357.8479919434	361.5629882812	0.2859462500	0.0000000000	23.0000000000	1.0000000000
782	395.2059936523	357.8479919434	361.5629882812	0.2859462500	0.0000000000	23.0000000000	1.0000000000
782	388.5989990234	368.6329956055	365.3770141602	0.2454807162	0.0000000000	23.0000000000	1.0000000000
783	388.5989990234	368.6329956055	365.3770141602	0.2454807162	0.0000000000	75.0000000000	1.0000000000
783	380.6350097656	377.2049865723	366.4530029297	0.2342177927	0.0000000000	75.0000000000	1.0000000000
784	405.0580139160	274.1369934082	396.4079895020	0.4000391960	0.0000000000	23.0000000000	1.0000000000
784	410.7879943848	276.7650146484	389.1059875488	0.2483918667	0.0000000000	23.0000000000	1.0000000000
785	410.7879943848	276.7650146484	389.1059875488	0.2483918667	0.0000000000	23.0000000000	1.0000000000
785	413.5650024414	278.3259887695	384.6000061035	0.1443461180	0.0000000000	23.0000000000	1.0000000000
786	430.7179870605	646.3530273438	367.6679992676	0.2025682926	0.0000000000	14.0000000000	1.0000000000
786	439.2279968262	635.4550170898	371.3840026855	0.2689185143	0.0000000000	14.0000000000	1.0000000000
787	439.2279968262	635.4550170898	371.3840026855	0.2689185143	0.0000000000	14.0000000000	1.0000000000
787	451.4760131836	625.4229736328	372.8980102539	0.1598000526	0.0000000000	14.0000000000	1.0000000000
788	451.4760131836	625.4229736328	372.8980102539	0.1598000526	0.0000000000	14.0000000000	1.0000000000
788	453.0530090332	613.4149780273	366.5039978027	0.2301616669	0.0000000000	14.0000000000	1.0000000000
789	453.0530090332	613.4149780273	366.5039978027	0.2301616669	0.0000000000	14.0000000000	1.0000000000
789	449.0799865723	602.8179931641	364.6849975586	0.1792346239	0.0000000000	14.0000000000	1.0000000000
790	449.0799865723	602.8179931641	364.6849975586	0.1792346239	0.0000000000	127.0000000000	1.0000000000
790	459.5780029297	591.7269897461	364.6159973145	0.1916909218	0.0000000000	127.0000000000	1.0000000000
791	459.5780029297	591.7269897461	364.6159973145	0.1916909218	0.0000000000	127.0000000000	1.0000000000
791	459.0270080566	578.0880126953	365.2109985352	0.2768495083	0.0000000000	138.0000000000	1.0000000000
792	459.5780029297	591.7269897461	364.6159973145	0.1916909218	0.0000000000	24.0000000000	1.0000000000
792	462.3999938965	578.5280151367	362.4490051270	0.2959246635	0.0000000000	24.0000000000	1.0000000000
793	459.0270080566	578.0880126953	365.2109985352	0.2768495083	0.0000000000	138.0000000000	1.0000000000
793	456.1369934082	567.8829956055	364.7000122070	0.2218331099	0.0000000000	138.0000000000	1.0000000000
794	456.1369934082	567.8829956055	364.7000122070	0.2218331099	0.0000000000	138.0000000000	1.0000000000
794	454.7179870605	553.5609741211	363.0249938965	0.3093957305	0.0000000000	138.0000000000	1.0000000000
795	454.7179870605	553.5609741211	363.0249938965	0.3093957305	0.0000000000	138.0000000000	1.0000000000
795	455.3689880371	543.8339843750	362.1690063477	0.2070828080	0.0000000000	138.0000000000	1.0000000000
796	455.3689880371	543.8339843750	362.1690063477	0.2070828080	0.0000000000	138.0000000000	1.0000000000
796	455.8099975586	532.2529907227	361.1830139160	0.2459089607	0.0000000000	138.0000000000	1.0000000000
797	455.8099975586	532.2529907227	361.1830139160	0.2459089607	0.0000000000	36.0000000000	1.0000000000
797	454.9249877930	522.1760253906	363.2990112305	0.1979901940	0.0000000000	36.0000000000	1.0000000000
798	458.0220031738	335.2009887695	296.1029968262	0.0116097927	0.0000000000	23.0000000000	1.0000000000
798	460.2229919434	329.5289916992	301.5339965820	0.0130461454	0.0000000000	23.0000000000	1.0000000000
799	460.2229919434	329.5289916992	301.5339965820	0.0130461454	0.0000000000	23.0000000000	1.0000000000
799	466.2780151367	317.6610107422	306.2560119629	0.0258275867	0.0000000000	23.0000000000	1.0000000000
800	462.3999938965	578.5280151367	362.4490051270	0.2959246635	0.0000000000	24.0000000000	1.0000000000
800	465.2999877930	569.4569702148	363.8479919434	0.1883234978	0.0000000000	24.0000000000	1.0000000000
801	493.6539916992	518.9459838867	282.4809875488	0.2656581402	0.0000000000	23.0000000000	1.0000000000
801	490.4179992676	512.4349975586	282.4559936523	0.1020779610	0.0000000000	23.0000000000	1.0000000000
802	490.4179992676	512.4349975586	282.4559936523	0.1020779610	0.0000000000	23.0000000000	1.0000000000
802	478.8500061035	502.1149902344	282.3810119629	0.2143688202	0.0000000000	23.0000000000	1.0000000000
803	478.8500061035	502.1149902344	282.3810119629	0.2143688202	0.0000000000	23.0000000000	1.0000000000
803	466.5109863281	487.0669860840	281.9150085449	0.2700169086	0.0000000000	23.0000000000	1.0000000000
804	466.5109863281	487.0669860840	281.9150085449	0.2700169086	0.0000000000	23.0000000000	1.0000000000
804	453.6149902344	478.0629882812	282.2179870605	0.2135572433	0.0000000000	23.0000000000	1.0000000000
805	453.6149902344	478.0629882812	282.2179870605	0.2135572433	0.0000000000	23.0000000000	1.0000000000
805	443.2969970703	466.1749877930	281.9039916992	0.2179658413	0.0000000000	23.0000000000	1.0000000000
806	443.2969970703	466.1749877930	281.9039916992	0.2179658413	0.0000000000	23.0000000000	1.0000000000
806	426.9909973145	456.9349975586	282.2009887695	0.2575170994	0.0000000000	23.0000000000	1.0000000000
807	426.9909973145	456.9349975586	282.2009887695	0.2575170994	0.0000000000	23.0000000000	1.0000000000
807	412.5899963379	446.9230041504	282.7269897461	0.2421960831	0.0000000000	23.0000000000	1.0000000000
808	412.5899963379	446.9230041504	282.7269897461	0.2421960831	0.0000000000	23.0000000000	1.0000000000
808	404.1040039062	441.6849975586	282.5620117188	0.1378450394	0.0000000000	23.0000000000	1.0000000000
809	404.1040039062	441.6849975586	282.5620117188	0.1378450394	0.0000000000	23.0000000000	1.0000000000
809	394.6889953613	427.2349853516	282.1809997559	0.2390749454	0.0000000000	23.0000000000	1.0000000000
810	394.6889953613	427.2349853516	282.1809997559	0.2390749454	0.0000000000	23.0000000000	1.0000000000
810	385.3349914551	413.0230102539	282.5419921875	0.2307965159	0.0000000000	23.0000000000	1.0000000000
811	385.3349914551	413.0230102539	282.5419921875	0.2307965159	0.0000000000	23.0000000000	1.0000000000
811	382.5719909668	410.1159973145	286.3699951172	0.0661851466	0.0000000000	23.0000000000	1.0000000000
812	382.5719909668	410.1159973145	286.3699951172	0.0661851466	0.0000000000	23.0000000000	1.0000000000
812	380.8510131836	406.3869934082	288.9079895020	0.0698934495	0.0000000000	23.0000000000	1.0000000000
813	380.8510131836	406.3869934082	288.9079895020	0.0698934495	0.0000000000	23.0000000000	1.0000000000
813	377.6459960938	401.0480041504	295.2349853516	0.1346846819	0.0000000000	23.0000000000	1.0000000000
814	377.6459960938	401.0480041504	295.2349853516	0.1346846819	0.0000000000	23.0000000000	1.0000000000
814	374.5239868164	398.4230041504	303.2210083008	0.1296392977	0.0000000000	23.0000000000	1.0000000000
815	374.5239868164	398.4230041504	303.2210083008	0.1296392977	0.0000000000	23.0000000000	1.0000000000
815	369.9370117188	396.1510009766	306.9649963379	0.1621480882	0.0000000000	23.0000000000	1.0000000000
816	310.2319946289	148.7400054932	369.8479919434	0.2026233673	0.0000000000	86.0000000000	1.0000000000
816	309.8420104980	160.5019989014	369.8649902344	0.1209278107	0.0000000000	86.0000000000	1.0000000000
817	309.4530029297	172.2640075684	369.8829956055	0.1209244728	0.0000000000	67.0000000000	1.0000000000
817	308.4739990234	184.2019958496	369.9270019531	0.1229910851	0.0000000000	67.0000000000	1.0000000000
818	308.4739990234	184.2019958496	369.9270019531	0.1229910851	0.0000000000	67.0000000000	1.0000000000
818	308.9240112305	195.5879974365	368.1740112305	0.1245310307	0.0000000000	67.0000000000	1.0000000000
819	308.9240112305	195.5879974365	368.1740112305	0.1245310307	0.0000000000	67.0000000000	1.0000000000
819	309.4700012207	206.9629974365	368.9159851074	0.1147813797	0.0000000000	67.0000000000	1.0000000000
820	309.4700012207	206.9629974365	368.9159851074	0.1147813797	0.0000000000	67.0000000000	1.0000000000
820	310.0020141602	213.2050018311	368.6780090332	0.0652658939	0.0000000000	67.0000000000	1.0000000000
821	310.0020141602	213.2050018311	368.6780090332	0.0652658939	0.0000000000	67.0000000000	1.0000000000
821	319.4129943848	218.6970062256	369.2990112305	0.1100733280	0.0000000000	67.0000000000	1.0000000000
822	319.4129943848	218.6970062256	369.2990112305	0.1100733280	0.0000000000	67.0000000000	1.0000000000
822	319.7300109863	231.4420013428	369.4179992676	0.1306638718	0.0000000000	67.0000000000	1.0000000000
823	319.7300109863	231.4420013428	369.4179992676	0.1306638718	0.0000000000	67.0000000000	1.0000000000
823	318.9339904785	243.1470031738	368.1770019531	0.1255373955	0.0000000000	67.0000000000	1.0000000000
824	318.9339904785	243.1470031738	368.1770019531	0.1255373955	0.0000000000	67.0000000000	1.0000000000
824	324.5350036621	246.9060058594	368.3689880371	0.0687172413	0.0000000000	67.0000000000	1.0000000000
825	324.5350036621	246.9060058594	368.3689880371	0.0687172413	0.0000000000	67.0000000000	1.0000000000
825	324.6539916992	249.8780059814	369.1950073242	0.0289049149	0.0000000000	67.0000000000	1.0000000000
826	324.6539916992	249.8780059814	369.1950073242	0.0289049149	0.0000000000	67.0000000000	1.0000000000
826	330.0610046387	256.9400024414	367.6749877930	0.0979721546	0.0000000000	67.0000000000	1.0000000000
827	330.0610046387	256.9400024414	367.6749877930	0.0979721546	0.0000000000	67.0000000000	1.0000000000
827	330.7229919434	265.7000122070	367.1780090332	0.0921618938	0.0000000000	67.0000000000	1.0000000000
828	330.7229919434	265.7000122070	367.1780090332	0.0921618938	0.0000000000	67.0000000000	1.0000000000
828	330.5559997559	276.4190063477	367.7500000000	0.1084070206	0.0000000000	67.0000000000	1.0000000000
829	330.5559997559	276.4190063477	367.7500000000	0.1084070206	0.0000000000	67.0000000000	1.0000000000
829	331.4259948730	286.4410095215	367.3909912109	0.1047153473	0.0000000000	67.0000000000	1.0000000000
830	331.4259948730	286.4410095215	367.3909912109	0.1047153473	0.0000000000	67.0000000000	1.0000000000
830	332.6359863281	288.8720092773	368.8330078125	0.0266671181	0.0000000000	67.0000000000	1.0000000000
831	332.6359863281	288.8720092773	368.8330078125	0.0266671181	0.0000000000	67.0000000000	1.0000000000
831	338.6700134277	297.2120056152	368.4249877930	0.1073086262	0.0000000000	67.0000000000	1.0000000000
832	338.6700134277	297.2120056152	368.4249877930	0.1073086262	0.0000000000	67.0000000000	1.0000000000
832	338.4469909668	310.3210144043	368.2799987793	0.1352922916	0.0000000000	67.0000000000	1.0000000000
833	338.4469909668	310.3210144043	368.2799987793	0.1352922916	0.0000000000	67.0000000000	1.0000000000
833	338.8280029297	321.3179931641	368.5360107422	0.1122760773	0.0000000000	67.0000000000	1.0000000000
834	338.8280029297	321.3179931641	368.5360107422	0.1122760773	0.0000000000	67.0000000000	1.0000000000
834	339.5299987793	330.2479858398	368.7059936523	0.0915224552	0.0000000000	67.0000000000	1.0000000000
835	339.5299987793	330.2479858398	368.7059936523	0.0915224552	0.0000000000	67.0000000000	1.0000000000
835	340.3150024414	330.9840087891	368.4859924316	0.0120453835	0.0000000000	67.0000000000	1.0000000000
836	340.3150024414	330.9840087891	368.4859924316	0.0120453835	0.0000000000	67.0000000000	1.0000000000
836	347.8110046387	341.4349975586	368.0280151367	0.1338744164	0.0000000000	67.0000000000	1.0000000000
837	347.8110046387	341.4349975586	368.0280151367	0.1338744164	0.0000000000	67.0000000000	1.0000000000
837	357.8120117188	347.5180053711	367.6940002441	0.1215343475	0.0000000000	67.0000000000	1.0000000000
838	357.8120117188	347.5180053711	367.6940002441	0.1215343475	0.0000000000	67.0000000000	1.0000000000
838	357.7879943848	351.5369873047	366.8280029297	0.0452339649	0.0000000000	67.0000000000	1.0000000000
839	357.7879943848	351.5369873047	366.8280029297	0.0452339649	0.0000000000	67.0000000000	1.0000000000
839	355.6199951172	361.0820007324	359.1050109863	0.3092875481	0.0000000000	67.0000000000	1.0000000000
840	355.6199951172	361.0820007324	359.1050109863	0.3092875481	0.0000000000	67.0000000000	1.0000000000
840	356.9830017090	368.4639892578	355.9540100098	0.1889895201	0.0000000000	67.0000000000	1.0000000000
841	356.9830017090	368.4639892578	355.9540100098	0.1889895201	0.0000000000	67.0000000000	1.0000000000
841	356.3420104980	375.4049987793	348.4630126953	0.2617318630	0.0000000000	67.0000000000	1.0000000000
842	356.3420104980	375.4049987793	348.4630126953	0.2617318630	0.0000000000	67.0000000000	1.0000000000
842	357.3519897461	382.5150146484	344.4289855957	0.1970066428	0.0000000000	67.0000000000	1.0000000000
843	357.3519897461	382.5150146484	344.4289855957	0.1970066428	0.0000000000	67.0000000000	1.0000000000
843	358.1279907227	390.1159973145	335.9140014648	0.2935855985	0.0000000000	67.0000000000	1.0000000000
844	358.1279907227	390.1159973145	335.9140014648	0.2935855985	0.0000000000	67.0000000000	1.0000000000
844	357.1440124512	396.1239929199	331.8970031738	0.1775011420	0.0000000000	67.0000000000	1.0000000000
845	357.1440124512	396.1239929199	331.8970031738	0.1775011420	0.0000000000	67.0000000000	1.0000000000
845	357.6629943848	402.2239990234	326.4760131836	0.2052859068	0.0000000000	67.0000000000	1.0000000000
846	483.3630065918	551.5319824219	363.5880126953	0.1776587963	0.0000000000	130.0000000000	1.0000000000
846	480.5190124512	556.9180297852	364.0310058594	0.1225280762	0.0000000000	130.0000000000	1.0000000000
847	480.5190124512	556.9180297852	364.0310058594	0.1225280762	0.0000000000	130.0000000000	1.0000000000
847	477.4100036621	567.5360107422	369.6809997559	0.2167062759	0.0000000000	130.0000000000	1.0000000000
848	477.4100036621	567.5360107422	369.6809997559	0.2167062759	0.0000000000	130.0000000000	1.0000000000
848	472.5809936523	575.6350097656	371.7969970703	0.1841974258	0.0000000000	130.0000000000	1.0000000000
849	472.5809936523	575.6350097656	371.7969970703	0.1841974258	0.0000000000	130.0000000000	1.0000000000
849	471.6159973145	589.3599853516	370.8240051270	0.1965420246	0.0000000000	130.0000000000	1.0000000000
850	471.6159973145	589.3599853516	370.8240051270	0.1965420246	0.0000000000	130.0000000000	1.0000000000
850	462.6210021973	601.0460205078	367.4750061035	0.1784708500	0.0000000000	130.0000000000	1.0000000000
851	462.6210021973	601.0460205078	367.4750061035	0.1784708500	0.0000000000	130.0000000000	1.0000000000
851	464.2080078125	613.6119995117	362.8789978027	0.1951293945	0.0000000000	130.0000000000	1.0000000000
852	464.2080078125	613.6119995117	362.8789978027	0.1951293945	0.0000000000	130.0000000000	1.0000000000
852	463.8479919434	625.9479980469	358.4620056152	0.1772228479	0.0000000000	130.0000000000	1.0000000000
853	463.8479919434	625.9479980469	358.4620056152	0.1772228479	0.0000000000	130.0000000000	1.0000000000
853	459.6650085449	637.5180053711	358.3949890137	0.2534250021	0.0000000000	130.0000000000	1.0000000000
854	459.6650085449	637.5180053711	358.3949890137	0.2534250021	0.0000000000	130.0000000000	1.0000000000
854	453.0989990234	650.5330200195	359.5100097656	0.2929625511	0.0000000000	130.0000000000	1.0000000000
855	453.0989990234	650.5330200195	359.5100097656	0.2929625511	0.0000000000	130.0000000000	1.0000000000
855	446.9010009766	662.2810058594	363.2630004883	0.2580772638	0.0000000000	130.0000000000	1.0000000000
856	446.9010009766	662.2810058594	363.2630004883	0.2580772638	0.0000000000	92.0000000000	1.0000000000
856	442.3779907227	669.4299926758	363.8670043945	0.1702426672	0.0000000000	92.0000000000	1.0000000000
857	340.2080078125	321.1690063477	404.6900024414	0.0788481236	0.0000000000	52.0000000000	1.0000000000
857	341.8559875488	314.6940002441	399.5820007324	0.1862039566	0.0000000000	52.0000000000	1.0000000000
858	341.8559875488	314.6940002441	399.5820007324	0.1862039566	0.0000000000	52.0000000000	1.0000000000
858	343.4779968262	308.8370056152	390.7810058594	0.2788648605	0.0000000000	52.0000000000	1.0000000000
859	343.4779968262	308.8370056152	390.7810058594	0.2788648605	0.0000000000	52.0000000000	1.0000000000
859	347.8770141602	300.7149963379	385.2730102539	0.2588716149	0.0000000000	52.0000000000	1.0000000000
860	347.8770141602	300.7149963379	385.2730102539	0.2588716149	0.0000000000	52.0000000000	1.0000000000
860	349.3959960938	292.3540039062	378.3949890137	0.2719250321	0.0000000000	52.0000000000	1.0000000000
861	349.3959960938	292.3540039062	378.3949890137	0.2719250321	0.0000000000	52.0000000000	1.0000000000
861	350.6679992676	283.6979980469	371.7990112305	0.2704904974	0.0000000000	52.0000000000	1.0000000000
862	350.6679992676	283.6979980469	371.7990112305	0.2704904974	0.0000000000	82.0000000000	1.0000000000
862	353.9880065918	276.1560058594	366.6180114746	0.2356465161	0.0000000000	82.0000000000	1.0000000000
863	424.6440124512	609.6069946289	376.1229858398	0.2531710863	0.0000000000	18.0000000000	1.0000000000
863	437.6350097656	604.1350097656	369.3179931641	0.1960479021	0.0000000000	18.0000000000	1.0000000000
864	437.6350097656	604.1350097656	369.3179931641	0.1960479021	0.0000000000	18.0000000000	1.0000000000
864	442.6919860840	591.9030151367	365.0830078125	0.3147651553	0.0000000000	18.0000000000	1.0000000000
865	442.6919860840	591.9030151367	365.0830078125	0.3147651553	0.0000000000	125.0000000000	1.0000000000
865	445.2799987793	583.7910156250	363.7359924316	0.1864834130	0.0000000000	125.0000000000	1.0000000000
